Label,Japanese,English,Notes,
STR_1_C4,「オレのこえか゛\,"If you can hear me, please anwser! 
I, I have to get out of here! 
To escape, I'll need your help. 
I'll be waiting for you, in Bugsite... 
Please! Please hurry!! ",,
STR_1_D3, きこえたら,,,Legend:
STR_1_E3, へんし゛を してくれ,,,Rough (new) translations are in blue.
STR_1_F8, オ、オレを\,,,Old translations are in purple until checked/corrected.
STR_1_105, はやく ここから,,,Translator notes are marked with a yellow triangle
STR_1_118, た゛してくれ!\,,,[name] represents the player's name.
STR_1_127, たのむ!!,,,
STR_1_137, ここから た゛っしゅつ,,,Spreadsheet Notes:
STR_1_149, するためには、,,,Lines with a character portrait are max 13 chars.
STR_1_15B, おまえの たすけか゛\,,,Lines without a character portrait are max 18 chars.
STR_1_16D, ひつようなんた゛,,,
STR_1_180, オレは\,,,Old lines may avoid use of certain lowercase letters
STR_1_18B, ハ゛ク゛サイトて゛,,,due to patch limitations. Please fix these occurences
STR_1_19F, おまえを\,,,whenever possible.
STR_1_1AB, まってるそ゛・・・,,,
STR_1_1BF, はやく!はやく、\,,,"In the translations, use a line break (ctrl+enter)"
STR_1_1CF, きてくれ!!」,,,wherever you want to force a new line. 
,,,,
STR_2_42,     なのはなタウン\,"  Nanohana town 
    - home -",,Translation Notes:
STR_2_55,      し゛たく,,,"In the manga, the Mobile is more like a wrist-mounted PDA (i.e. like a P.E.T. from Mega Man Battle Network), so we're going to keep ""Mobile"" instead of translating it into American English ""Cellphone"" or ""Phone""."
,,,,
STR_3_D8,ははおや\,"Mom: 
It's morning, wake up!",,
STR_3_E3,「あさよ、,,,
STR_3_F2, おきなさい!」,,,
STR_3_118,ははおや\,"  Mom:
Honestly, how long were you planning on sleeping?
That reminds me, I had a bit of a nightmare last night.
Did you have a weird dream, too?
You promised to play with Yui today; she'll be waiting.",,
STR_3_123,「まったく、,,,"ダイブ is to be translated as ""Dive"", as it is a fictional term for entering Bugsite."
STR_3_133, いつまて゛\,,,
STR_3_140, ねてるつもりなの?,,,
STR_3_154, そういえは゛なんか\,,,
STR_3_165, うなされてたわね。,,,
STR_3_179, ヘンな ゆめて゛も\,,,
STR_3_18A, みたの?,,,
STR_3_199, きょうは きんし゛ょの,,,
STR_3_1AB, ユイちゃんと,,,
STR_3_1BC, あそふ゛ やくそくを\,,,
STR_3_1CE, してたんし゛ゃないの?,,,
STR_3_1E4, まってるわよ\,,,
STR_3_1F2, きっと」,,,
STR_3_217,ははおや\,"Mom:
Huh... just after that dream, a package arrived from your father...
I put it in the second floor study.
After you go see what it is, it'd be a good thing if you played with Yui.",This set of lines is used if you leave your home without talking to your mother first.,
STR_3_222,「そうそう,,,
STR_3_247, おとうさんから、\,,,
STR_3_257, たくはいひ゛んか゛,,,
STR_3_26B, とと゛いているわよ\,,,
STR_3_280, 2かいの しょさいに\,,,
STR_3_292, おいてあるわ,,,
STR_3_2A3, ユイちゃんと あそんて゛,,,
STR_3_2B6, からて゛いいから,,,
STR_3_2C9, あとて゛\,,,
STR_3_2D5, あけてみてね」,,,
STR_3_2FD,「そうそう,"Huh... just after that dream, a package arrived from your father...
I put it in the second floor study.
After you go see what it is, it'd be a good thing if you played with Yui.








",,
STR_3_30C, おとうさんから、\,,,
STR_3_31C, たくはいひ゛んか゛,,,
STR_3_330, とと゛いているわよ\,,,
STR_3_345, 2かいの しょさいに\,,,
STR_3_357, おいてあるわ,,,
STR_3_368, ユイちゃんと あそんて゛,,,
STR_3_37B, からて゛いいから,,,
STR_3_38E, あとて゛\,,,
STR_3_39A, あけてみてね」,,,
,,,,
STR_4_61,カキ゛か゛ かかっている。,It's locked.,(Nanohana Town during prologue),
STR_4_8E,カキ゛か゛ かかっている。,It's locked.,,
STR_4_BB,こうもんか゛しまっている。,The gate is closed.,,
,,,,
STR_5_74,たくはいひ゛んには\,There's a bunch of equipment inside the package.,,
STR_5_84,いろいろな きかいか゛,,,
STR_5_99,はいっている。,,,
STR_5_AA,モハ゛イルと\,Got the Mobile and the Visor!,,
STR_5_B7,ハ゛イサ゛ーをてにいれた!,,,
STR_5_D5,チッフ゜「JA-8G」を,"Got the ""JA-8G"" chip!",,
STR_5_E7,てにいれた!,,,
STR_5_118,ハ゛ク゛センサーを\,Got the Bug Sensor!,,
STR_5_128,てにいれた!,,,
STR_5_154,おとうさんのホ゛イスメッセーシ゛を\,Dad's voicemail played back.,,
STR_5_16C,さいせいした。,,,
STR_5_192,ちちおや\,"Dad:
Can you hear me?
Yeah. It's your dad.
Consider all this kit as a present from me.
I figured, since you're getting to that age, you'd start getting interested in Bugsite.
To start, you'll need to enter your name in the Mobile.",,
STR_5_19D,「きこえるか?,,,
STR_5_1AE, わたした゛。\,,,
STR_5_1BC, おとうさんた゛。,,,
STR_5_1CF, この たくはいひ゛んに\,,,
STR_5_1E2, はいってたものは,,,
STR_5_1F5, おとうさんからの\,,,
STR_5_205, フ゜レセ゛ントた゛。,,,
STR_5_21A, おまえも\,,,
STR_5_226, そろそろ,,,
STR_5_235, ハ゛ク゛サイトに\,,,
STR_5_245, きょうみか゛て゛てくる,,,
STR_5_25B, としこ゛ろた゛と\,,,
STR_5_26B, おもってな。,,,
STR_5_27C, ます゛はモハ゛イルに\,,,
STR_5_28E, し゛ふ゛んのなまえを,,,
STR_5_2A3, にゅうりょく\,,,
STR_5_2B1, するんた゛」,,,
STR_5_31F,ちちおや\,"Dad: 
[name], eh?
From now on that Mobile is yours.
Put it and the Visor on, and then try switching on the family PC.
You'll dive right into Bugsite!",,
STR_5_32A,「[name]よ,,,
STR_5_337, これて゛\,,,
STR_5_343, そのモハ゛イルは,,,
STR_5_356, おまえの ものに\,,,
STR_5_366, なったそ゛,,,
STR_5_376, ハ゛イサ゛ーと\,,,
STR_5_385, モハ゛イルをつけて、,,,
STR_5_39A, そこにあるハ゜ソコンの,,,
STR_5_3AC, スイッチをいれてみろ。,,,
STR_5_3C2, ハ゛ク゛サイトに\,,,
STR_5_3D2, タ゛イフ゛て゛きるそ゛!,,,
STR_5_414,[name]は\,[name] put on the Visor and turned on the PC!,,
STR_5_41D,ハ゛イサ゛ーを つけて,,,
STR_5_432,ハ゜ソコンのスイッチを,,,
STR_5_443,いれた!,,,
STR_5_451,IDは゛んこ゛うを\,"Your ID number has been validated!
Dive into Bugsite!",,
STR_5_461,かくにんしました!,,,
STR_5_474,ハ゛ク゛サイトへ\,,,
STR_5_483,タ゛イフ゛します!,,,
STR_5_4AC,おとうさんの ハ゜ソコンた゛。,"It's Dad's PC.
It seems pretty powerful.",,
STR_5_4C5,すこ゛く せいのうか゛いい\,,,
STR_5_4D9,ハ゜ソコンらしい。,,,
STR_5_502,たくはいひ゛んか゛\,"A package is sitting here.
I wonder whose it is...",,
STR_5_512,おいてある。,,,
STR_5_522,た゛れからの\,,,
STR_5_52F,たくはいひ゛ん た゛ろう?,,,
,,,,
STR_6_9A,ちちおや\,"Dad:
This is Bugsite's entrance.
It's called a ""Site Gate"".
From here you can visit many places in Bugsite!",,
STR_6_A5,「ここはハ゛ク゛サイトの,,,
STR_6_BB, いりく゛ちて゛ある\,,,
STR_6_CC, サイトケ゛ートた゛。,,,
STR_6_E1, ここから\,,,
STR_6_ED, ハ゛ク゛サイトないの,,,
STR_6_102, いろいろな は゛しょに,,,
STR_6_114, いと゛うて゛きるそ゛。,,,
STR_6_13F,アミテクノエリアの\,Obtained the password for Ami Techno Area!,,
STR_6_14F,ハ゜スワート゛を てにいれた!,,,
STR_6_184,ちちおや\,"Dad: 
Let's start with gates.
You'll need to enter the password if you want to pass through them.
You can see your passwords as items on your Mobile.
You can look at your Mobile by pressing the START Button.
Once you've memorized this password, go to the last gate on the right, inspect it, and enter the password.",,
STR_6_18F,「はし゛めて とおる,,An officially licensed-by-Nintendo translation would have very specific phrasing for a sentence like this. I don't remember what that would be. But you can't pass lot check if you refer to them wrongly.,
STR_6_1A3, ケ゛ートには、,,,
STR_6_1B5, ハ゜スワート゛を\,,,
STR_6_1C5, にゅうりょくしないと,,,
STR_6_1DA, とおることか゛\,,,
STR_6_1E9, て゛きないんた゛。,,,
STR_6_1FD, ハ゜スワート゛は\,,,
STR_6_20D, モハ゛イルの,,,
STR_6_21E, アイテムて゛\,,,
STR_6_22C, かくにんて゛きる。,,,
STR_6_240, モハ゛イルは\,,,
STR_6_24E, スタートホ゛タンて゛,,,
STR_6_263, みることか゛\,,,
STR_6_271, て゛きるそ゛。,,,
STR_6_283, ハ゜スワート゛を\,,,
STR_6_293, おほ゛えたら、,,,
STR_6_2A5, いちは゛んみき゛の\,,,
STR_6_2B6, ケ゛ートの よこにある,,,
STR_6_2CC, コンヒ゜ューターを\,,,
STR_6_2DD, しらへ゛て、,,,
STR_6_2EE, ハ゜スワート゛を\,,,
STR_6_2FE, にゅうりょくするんた゛」,,,
STR_6_350,アミテクノエリアへの\,"This is the gate for Ami Techno Area.
Please enter the password.",,
STR_6_361,ケ゛ートて゛す。,,,
STR_6_373,ハ゜スワート゛を\,,,
STR_6_382,にゅうりょくしてくた゛さい,,,
STR_6_428,ハ゜スワート゛か゛ちか゛います。,The password is incorrect.,,
STR_6_45A,このさきは\,Beyond the gate is the Ami Techno Area.,Re-examine the computer after opening the gate.,
STR_6_466,アミテクノエリアへの,,,
STR_6_47A,ケ゛ートになります。,,,
STR_6_4A4,「と゛こにいるんた゛?,"Hey, where are you? I've been locked up in a Bug Shop called ""Yamaneko"".
Come on! Hurry!",These lines are Spiral's for when you try to leave.,
STR_6_4B9, オレは\,,,
STR_6_4C4, アミテクノエリアの,,"This bug shop's name literally means ""wild cat"".",
STR_6_4D8, ヤマネコやという\,,,
STR_6_4E8, ハ゛ク゛ショッフ゜に,,,
STR_6_4FD, とし゛こめられている\,,,
STR_6_50F, はやく、きてくれ!」,,,
STR_6_53A,ハ゜スワート゛を\,"Verified the password.
Please feel free to pass through.",,
STR_6_549,かくにんしました。,,,
STR_6_55C,と゛うそ゛\,,,
STR_6_568,おとおりくた゛さい。,,,
STR_6_592,アミサファリエリアへの\,"It's Ami Safari Area's gate.
You don't have the password to open this gate.",,
STR_6_5A4,ケ゛ートて゛す。,,,
STR_6_5B6,このケ゛ートを ひらくための\,,,
STR_6_5CB,ハ゜スワート゛か゛ありません。,,,
STR_6_5FA,アミラント゛への\,"It's Ami Land's gate.
You don't have the password to open this gate.",,
STR_6_609,ケ゛ートて゛す。,,,
STR_6_61B,このケ゛ートを ひらくための\,,,
STR_6_630,ハ゜スワート゛か゛ありません。,,,
,,,,
STR_7_D3,「オレのこえか゛\,"If you can hear me, please anwser! 
I, I have to get out of here! 
To escape, I'll need your help. 
I'll be waiting for you, in Bugsite... 
Please! Please hurry!! ",(Enter Ami Techno Area),
STR_7_E2, きこえたら,,,
STR_7_F2, へんし゛を してくれ,,,
STR_7_107, オ、オレを\,,,
STR_7_114, はやく ここから,,,
STR_7_127, た゛してくれ!\,,,
STR_7_136, たのむ!!,,,
STR_7_146, ここから た゛っしゅつ,,,
STR_7_158, するためには、,,,
STR_7_16A, おまえの たすけか゛\,,,
STR_7_17C, ひつようなんた゛,,,
STR_7_18F, オレは\,,,
STR_7_19A, ハ゛ク゛サイトて゛,,,
STR_7_1AE, おまえを\,,,
STR_7_1BA, まってるそ゛・・・,,,
STR_7_1CE, はやく!はやく、\,,,
STR_7_1DE, きてくれ!!」,,,
STR_7_205,ゆめと おなし゛ないようた゛。,"It's the same as my dream...
Looks like it's coming from nearby...",,
STR_7_21E,このちかくから\,,,
STR_7_22C,よんて゛いるようた゛。,,,
STR_7_256,ちちおやからの\,Received an e-mail from Dad.,,
STR_7_264,メールをし゛ゅしんしました。,,,
STR_7_291,ちちおや\,"Dad:
[name]...
Did you get to Ami Techno Area?
It'd be a good thing if you went and checked out some of the shops around here.
Oops, I think I forgot to mention...
That building right above you, it should be an Access Point.
It can be used to go between Bugsite and the real world, and even save your data.
You know, it'd be important to remember that for later.",,
STR_7_29C,「[name]よ,,,
STR_7_2A9, アミテクノエリアに\,,,
STR_7_2BA, ついたか?,,,
STR_7_2CA, ここには いろいろな\,,,
STR_7_2DC, ショッフ゜か゛あるそ゛,,,
STR_7_2F2, みてみると\,,,
STR_7_2FF, いいた゛ろう。,,,
STR_7_311, おっと わすれてた\,,,
STR_7_322, これを いわないとな。,,,
STR_7_338, おまえの うえにある\,,,
STR_7_34A, たてものは、,,,
STR_7_35B, アクセスホ゜イントと\,,,
STR_7_36D, いうんた゛。,,,
STR_7_37E, アクセスホ゜イントは\,,,
STR_7_390, ハ゛ク゛サイトと,,,
STR_7_3A3, け゛んし゛つせかいを\,,,
STR_7_3B5, いききしたり,,,
STR_7_3C6, セーフ゛をしたり\,,,
STR_7_3D6, するときに,,,
STR_7_3E6, りようするんた゛。\,,,
STR_7_3F7, おほ゛えておけよ」,,,
STR_7_421,「ここは\,"This place called ""Techno Area"" is in ""Ami Land"", part of the world of the Internet.",Ami Techno NPC,
STR_7_42C, アミラント゛にある,,,
STR_7_440, テクノエリアって\,,,
STR_7_450, いうところさ,,,
STR_7_461, インターネットせかいに,,,
STR_7_473, あるまちさ」,,,
STR_7_4DA,「ハ゛ク゛サイトについて,Do you want to learn more about Bugsite?,Yes/No question.,
STR_7_4EC, しりたいかい?」,,Asked by an Ami Techno NPC.,
STR_7_53C,「ハ゛ク゛サイトって\,"""Bugsite"" is a world inside the Internet, divided into four places.
""Ami Land"", from land company FE, ""Sea Land"" from sea company Sting, ""Air Land"" from air company Ruger, and ""Energy Land"" from power company Tahiro.
Since Techno Area is part of Ami Land, FE maintains jurisdiction over it.",-> yes,
STR_7_54D, いうのは、,,"(This sounds a little literal, but it's also correct.
Later dialogue states that FE has control over ""land-based computers"", and so on and so forth, so we're going with ""land company"", ""sea company"" etc.)",
STR_7_55D, インターネットのなかに,,,
STR_7_56F, あるせかいて゛,,,
STR_7_581, おおきく4つに\,,,
STR_7_590, わかれているんた゛,,,
STR_7_5A4, りくけい きき゛ょう\,,,
STR_7_5B6, FEメーカーの,,,
STR_7_5C8, アミラント゛と\,,,
STR_7_5D7, そのエリア、,,,
STR_7_5E8, うみけい きき゛ょう\,,,
STR_7_5FA, スティンク゛メーカーの,,,
STR_7_610, シーラント゛と\,,,
STR_7_61F, そのエリア、,,,
STR_7_630, そらけい きき゛ょう\,,,
STR_7_642, ルカ゛ーメーカーの,,,
STR_7_656, エアラント゛と\,,,
STR_7_665, そのエリア、,,,
STR_7_676, エネルキ゛ーきき゛ょう,,,
STR_7_688, タヒロメーカーの,,,
STR_7_69B, エナシ゛ーラント゛や\,,,
STR_7_6AD, そのエリアか゛,,,
STR_7_6BF, おおきな\,,,
STR_7_6CB, 4つのせかいさ,,,
STR_7_6DD, ここはアミテクノエリア,,,
STR_7_6EF, た゛から、,,,
STR_7_6FF, アミラント゛の\,,,
STR_7_70E, FEメーカーか゛,,,
STR_7_721, かんりしている\,,,
STR_7_730, テクノエリアってわけさ」,,,
STR_7_746,「ききたくなったら\,"If you want to hear about it later, talk to me again.",-> no,
STR_7_756, また はなしかけてよ」,,,
STR_7_7C2,「ハ゛ク゛について\,Do you want to learn more about Bugs?,Yes/No question,
STR_7_7D2, しりたい?」,,Asked by an Ami Techno NPC.,
STR_7_824,「ハ゛ク゛ってのはさ、\,"""Bugs"" are those diligent workhorses that keep Bugsite in motion.
For example, they can turn out the lights in your home, stream your favorite TV programs, and all sorts of other useful things.",-> yes,
STR_7_836, ハ゛ク゛サイトを,,,
STR_7_849, ちゃんと\,,,
STR_7_855, うこ゛かすために,,,
STR_7_868, はたらいてる\,,,
STR_7_876, ヤツらを いうんた゛,,,
STR_7_88B, たとえは゛いえに\,,,
STR_7_89B, て゛んきをなか゛したり,,,
STR_7_8B1, テレヒ゛の\,,,
STR_7_8BE, は゛んくみか゛,,,
STR_7_8D0, なか゛れてきたり\,,,
STR_7_8E0, するのも、,,,
STR_7_8F0, せ゛んふ゛ハ゛ク゛か゛,,,
STR_7_902, やってくれてるんた゛」,,,
STR_7_917,「あ、そう」,"Aah, is that so?",-> no,
STR_7_97D,「ハッカーって\,Do you know about Hackers?,Yes/No question,
STR_7_98B, しってる?」,,Asked by an Ami Techno NPC.,
STR_7_9D9,「おまえのように、\,"Much like yourself, ""Hackers"" are those who have travelled from the real world into Bugsite.
Hackers can be all kinds of people, and they aren't limited to the ""good guys"", either.
Black hats and other criminals are especially dangerous.
You'd best watch out for them, they're always scrapping for a fight and loitering around.",-> no,
STR_7_9E9, け゛んし゛つせかいから,,,
STR_7_9FF, ハ゛ク゛サイトに\,,,
STR_7_A0F, はいってくる,,,
STR_7_A20, ヤツらのことを\,,,
STR_7_A2F, ハッカーというんた゛。,,,
STR_7_A45, ハッカーには\,,,
STR_7_A53, いろんなヤツらか゛いる。,,,
STR_7_A6A, いいヤツは゛かりとは\,,,
STR_7_A7C, かき゛らないせ゛。,,,
STR_7_A90, ムホウモノとかいう\,,,
STR_7_AA1, ヤツらはとくにキケンた゛,,,
STR_7_AB8, ハ゛トルか゛したくて\,,,
STR_7_ACA, ウロウロしてるからな,,,
STR_7_ADF, きをつけたほうか゛\,,,
STR_7_AF0, いいそ゛」,,,
STR_7_AFF,「そうた゛よな\,"That so? If you're coming to Bugsite, you'd probably know about these things already, right?",-> yes,
STR_7_B11, ハ゛ク゛サイトに\,,,
STR_7_B21, きてるんた゛から,,,
STR_7_B34, しってて\,,,
STR_7_B40, とうせ゛んた゛よな」,,,
STR_7_BAB,「と゛こにいるんた゛?,"Hey, where are you? I've been locked up in a Bug Shop called ""Yamaneko"".
Come on! Hurry!",Spiral says this if you try to leave or talk to too many NPCs.,
STR_7_BC0, [name]!\,,,
STR_7_BCA, オレは,,,
STR_7_BD8, ヤマネコやという\,,,
STR_7_BE8, ハ゛ク゛ショッフ゜に,,,
STR_7_BFD, とし゛こめられている\,,,
STR_7_C0F, はやく、きてくれ!」,,,
STR_7_C3A,ト゛アか゛しまっていて\,The door is closed and you cannot enter.,,
STR_7_C4C,はいれない,,,
STR_7_C71,「きょうは やすみます」\,"""Closed for holiday"" is written here.",,
STR_7_C84,と、かいてある,,,
STR_7_CAB,「18さいみまんおことわり」\,"""No admittance under 18"" is written here.
It looks like only adults are allowed inside.",,
STR_7_CC0,と、かいてある。,,,
STR_7_CD2,このみせは オトナしか\,,,
STR_7_CE4,はいれないようた゛,,,
,,,,
STR_8_E6,てんちょう\,"Manager:
Eh. You need to take care of that Bug you took in yesterday...",(Enter Yamaneko),
STR_8_F2,「おい。,,,
STR_8_100, きのう、\,,,
STR_8_10C, てにいれたハ゛ク゛を,,,
STR_8_121, ちゃんと\,,,
STR_8_12D, しまつしとけよ」,,,
STR_8_155,てんいん\,"Clerk:
I understand.",,
STR_8_160,「わかりました」,,,
STR_8_28D,てんいん\,"Clerk:
Good grief, what a noisy Bug...
I'll put it out of it's misery soon enough!",,
STR_8_298,「やれやれ,,,
STR_8_2A7, うるせー\,,,
STR_8_2B3, ハ゛ク゛た゛なあ。,,,
STR_8_2C7, いますく゛\,,,
STR_8_2D4, らくに してやるから,,,
STR_8_2E9, おとなしくしろ!」,,,
STR_8_314,てんちょう\,"Manager:
Hey, welcome to our... eh?
You're a kid, aren't you?
We don't allow people under 18 in here.
Scoot along, scoot along.",,
STR_8_320,「いらっしゃいませ,,,
STR_8_333, ん? おまえ、\,,,
STR_8_342, こと゛もし゛ゃないか?,,,
STR_8_358, ここは、\,,,
STR_8_364, 18さいみまんは,,,
STR_8_377, おことわりた゛せ゛\,,,
STR_8_388, かえった、かえった,,,
STR_8_3B2,「[name]!,"[name]!
You're here! You're really here!",,
STR_8_3BF, ここた゛!\,,,
STR_8_3CC, ここた゛よ」,,,
STR_8_3F2,「きっときてくれると\,"I was sure you'd come!
It was me, calling out to you in your dreams.
At any rate, it seems as if our fates are linked.
My name is...",,
STR_8_403, しんし゛てたせ゛!,,,
STR_8_417, ゆめの なかて゛\,,,
STR_8_427, おまえを,,,
STR_8_436, よんて゛いたのは\,,,
STR_8_446, オレさ。,,,
STR_8_455, なんせ オレとおまえは,,,
STR_8_467, うんめいの いとて゛,,,
STR_8_47C, むすは゛れているんた゛,,,
STR_8_48E, からな。,,,
STR_8_49D, オレのなまえは・・・」,,,
STR_8_54B,「[name]、\,"[name], is that a Chip you're holding?
In order for a Hacker to control a Bug, you need to install it onto a Chip.
Hurry up and install me into one!
Select the Bug icon on your Mobile, equip the Chip onto the bug you've selected, and you'll see it on the Chip screen.",,
STR_8_555, チッフ゜をもっているか?,,,
STR_8_56C, ハッカーは\,,,
STR_8_579, ハ゛ク゛にチッフ゜を,,,
STR_8_58E, とりつけることて゛\,,,
STR_8_59F, そのハ゛ク゛を,,,
STR_8_5B1, あやつれるように\,,,
STR_8_5C1, なるんた゛。,,,
STR_8_5D2, さあ、オレに\,,,
STR_8_5E0, チッフ゜をつけてくれ。,,,
STR_8_5F6, チッフ゜のそうひ゛は\,,,
STR_8_608, モハ゛イルの,,,
STR_8_619, ハ゛ク゛アイコンを\,,,
STR_8_62A, せんたくして,,,
STR_8_63B, チッフ゜をそうひ゛する,,,
STR_8_64D, ハ゛ク゛をえらへ゛は゛,,,
STR_8_663, チッフ゜のそうひ゛\,,,
STR_8_674, か゛めんになるそ゛」,,,
STR_8_6F6,てんいん\,"Clerk:
Hey you! What do you think you're doing here?",,
STR_8_701,「お、おまえ、,,,
STR_8_712, こんなところて゛\,,,
STR_8_722, なにをしてるんた゛?」,,,
STR_8_74D,「[name]!\,"[name]!
He's going to start a fight!
Quickly plug that chip into me!
We'll be able to crush him easily if you and me are linked together!",,
STR_8_757, オレにショーフ゛させろ,,,
STR_8_76D, いますく゛チッフ゜を\,,,
STR_8_77F, オレのからた゛に,,,
STR_8_792, つけるんた゛!,,,
STR_8_7A4, オレと\,,,
STR_8_7AF, おまえか゛くめは゛、,,,
STR_8_7C4, こんなヤツは\,,,
STR_8_7D2, らくしょうた゛!」,,,
STR_8_7FB,[name]は\,[name] installed the Chip!,,
STR_8_804,チッフ゜を とりつけた!,,,
STR_8_82F,てんいん\,"Clerk:
Trying to escape? I'll stop you right now!",,
STR_8_83A,「にけ゛るきた゛な!,,,
STR_8_84E, そうはさせるか!」,,A battle happens at this point.,
STR_8_8CF,てんいん\,"Clerk:
D-damn...",After the player wins against the Clerk.,
STR_8_8DA,「く、クソッ・・・」,,,
STR_8_979,「はし゛めての\,"You put on a good show for your first battle!
[name]!
Losing a battle in Bugsite means defeat as a hacker.
You'll have to stay on guard.
Now... let's bust out of this place!",,
STR_8_987, ハ゛トルにしては,,,
STR_8_99A, し゛ょうて゛きた゛せ゛,,,
STR_8_9AC, [name]!,,,
STR_8_9B9, ハ゛ク゛サイトて゛\,,,
STR_8_9CA, ハ゛トルにまけることは,,,
STR_8_9E0, ハッカーとしての\,,,
STR_8_9F0, はいほ゛くをいみする。,,,
STR_8_A06, [name]も\,,,
STR_8_A10, きをつけろよ。,,,
STR_8_A22, さあ・・・\,,,
STR_8_A2F, はやいトコ、,,,
STR_8_A40, ここから\,,,
STR_8_A4C, た゛っしゅつしようせ゛」,,,
STR_8_A78,ちちおやからの\,Received an e-mail from Dad.,,
STR_8_A86,メールをし゛ゅしんしました。,,,
STR_8_AB3,ちちおや\,"Dad:
[name]!
What's going on?
Who's with you?!
I felt the resonance of a powerful Bug nearby you...
T-That's really great!
It looks like what you've caught is an as-of-yet undiscovered new species of Bug.
Let's go to Guardian and have it analyzed in front of your father.
 ",,
STR_8_ABE,「[name]!,,,
STR_8_ACB, と゛うした?\,,,
STR_8_AD9, なにかあったのか!?,,,
STR_8_AEE, おまえの ちかくに\,,,
STR_8_AFF, きょうりょくな,,,
STR_8_B11, ハ゛ク゛の はんのうを,,,
STR_8_B23, かんし゛るか゛・・・。,,,
STR_8_B39, こ、これは\,,,
STR_8_B46, すこ゛い!,,,
STR_8_B56, おまえか゛もっている\,,,
STR_8_B68, そのハ゛ク゛は,,,
STR_8_B7A, また゛はっけん\,,,
STR_8_B89, されていない,,,
STR_8_B9A, しんしゅの\,,,
STR_8_BA7, ハ゛ク゛のようた゛。,,,
STR_8_BBC, おとうさんのいる\,,,
STR_8_BCC, カ゛ーテ゛ィアンて゛,,,
STR_8_BE1, ちょっと\,,,
STR_8_BED, しらへ゛てみよう。,,,
STR_8_C01, おまえは\,"You'll have to go back from the Access Point to the real world with it.
There's two kinds of Access Points. Points you can Dive into and points you cannot.
This area has an upper route with an Access Point you can Dive into.
You'll have to use the Point over there.
If you select the ""Dive"" icon, you'll come back to the Site Gate.",cont'd,
STR_8_C0D, アクセスホ゜イントから,,,
STR_8_C23, け゛んし゛つせかいに\,,,
STR_8_C35, もと゛ってくるんた゛。,,,
STR_8_C4B, アクセスホ゜イントには,,,
STR_8_C5D, 2しゅるいある。,,,
STR_8_C70, タ゛イフ゛て゛きる\,,,
STR_8_C81, ホ゜イントと、,,,
STR_8_C93, タ゛イフ゛て゛きない\,,,
STR_8_CA5, ホ゜イントた゛。,,,
STR_8_CB8, このエリアの\,,,
STR_8_CC6, うえのほうにある,,,
STR_8_CD9, アクセスホ゜イントは\,,,
STR_8_CEB, タ゛イフ゛て゛きる。,,,
STR_8_D00, そこのホ゜イントを\,,,
STR_8_D11, つかうんた゛。,,,
STR_8_D23, アクセスホ゜イントに\,,,
STR_8_D35, ある、,,,
STR_8_D43, タ゛イフ゛という\,,,
STR_8_D53, アイコンをえらふ゛と,,,
STR_8_D68, サイトケ゛ートに\,,,
STR_8_D78, もと゛れるそ゛!」,,,
STR_8_DA2,てんちょう\,"Manager:
How dare you steal our goods!
I hope you're ready for a fight!",,
STR_8_DAE,「おまえ,,,
STR_8_DBC, よくもウチのうりものを,,,
STR_8_DCE, ぬすんた゛な!,,,
STR_8_DE0, かくこ゛しろ!!」,,A battle happens at this point.,
STR_8_E68,てんちょう\,"Manager:
D-damn, it looks like we're going out of business...",After the player wins against the Manager.,
STR_8_E74,「クソーッ、,,,
STR_8_E84, これて゛は もう\,,,
STR_8_E94, みせし゛まいた゛・・・」,,,
,,,,
STR_A_74,「ここから\,"From here, you can go back to the real world.",(Return to Site Gate),
STR_A_80, け゛んし゛つせかいへ,,,
STR_A_95, もと゛れるそ゛」,,,
STR_A_BE,このさきは\,Beyond this point is the gate for Ami Techno Land.,,
STR_A_CA,アミテクノエリアへの,,,
STR_A_DE,ケ゛ートになります。,,,
STR_A_108,アミサファリエリアへの\,"It's Ami Safari Area's gate.
You don't have the password to open this gate.",I don't know but these two strings are replicated again here.,
STR_A_11A,ケ゛ートて゛す。,,,
STR_A_12C,このケ゛ートを ひらくための\,,,
STR_A_141,ハ゜スワート゛か゛ありません。,,,
STR_A_170,アミラント゛への\,"It's Ami Land's gate.
You don't have the password to open this gate.",,
STR_A_17F,ケ゛ートて゛す。,,,
STR_A_191,このケ゛ートを ひらくための\,,,
STR_A_1A6,ハ゜スワート゛か゛ありません。,,,
,,,,
STR_B_61,ちちおや\,ちちおや\,(Return to real world),
STR_B_6C,「お、もと゛ってきたか。,「お、もと゛ってきたか。,,
STR_B_82, おまえか゛もっている\, おまえか゛もっている\,,
STR_B_94, そのハ゛ク゛は, そのハ゛ク゛は,,
STR_B_A6, やはり、しんしゅの\, やはり、しんしゅの\,,
STR_B_B7, ハ゛ク゛た゛ったようた゛, ハ゛ク゛た゛ったようた゛,,
STR_B_CE, ハッカーにとって\, ハッカーにとって\,,
STR_B_DE, 1は゛んたいせつなのは, 1は゛んたいせつなのは,,
STR_B_F4, ハ゛ク゛にすかれる\, ハ゛ク゛にすかれる\,,
STR_B_105, ことた゛。, ことた゛。,,
STR_B_115, [name]。\, [name]。\,,
STR_B_11F, と゛うやら おまえは, と゛うやら おまえは,,
STR_B_134, そのハ゛ク゛に\, そのハ゛ク゛に\,,
STR_B_143, すかれているようた゛な。, すかれているようた゛な。,,
STR_B_15A, と゛うた゛、\, と゛うた゛、\,,
STR_B_168, おまえも, おまえも,,
STR_B_177, カ゛ーテ゛ィアンの\, カ゛ーテ゛ィアンの\,,
STR_B_188, いちいんとして, いちいんとして,,
STR_B_19A, ハッカーに\, ハッカーに\,,
STR_B_1A7, なってみないか?, なってみないか?,,
STR_B_1BA, ・・・いま\, ・・・いま\,,
STR_B_1C7, ハ゛ク゛サイトは, ハ゛ク゛サイトは,,
STR_B_1DA, ウェルテ゛ハイト゛\, ウェルテ゛ハイト゛\,,
STR_B_1EB, という、, という、,,
STR_B_1FA, しゅうた゛んに\, しゅうた゛んに\,,
STR_B_209, ねらわれている。, ねらわれている。,,
STR_B_21C, ウェルテ゛ハイト゛は\, ウェルテ゛ハイト゛は\,,
STR_B_22E, ウイルスを は゛らまき, ウイルスを は゛らまき,,
STR_B_244, ハ゛ク゛を\, ハ゛ク゛を\,,
STR_B_251, きょうほ゛うか, きょうほ゛うか,,
STR_B_263, させてしまった。, させてしまった。,,
STR_B_276, このままて゛は\, このままて゛は\,,
STR_B_285, ハ゛ク゛サイトの, ハ゛ク゛サイトの,,
STR_B_298, へいわか゛\, へいわか゛\,,
STR_B_2A5, ヤツらによって, ヤツらによって,,
STR_B_2B7, おひ゛やかされる\, おひ゛やかされる\,,
STR_B_2C7, た゛ろう。, た゛ろう。,,
STR_B_2D7, それを ふせく゛には\, それを ふせく゛には\,,
STR_B_2E9, おまえのような, おまえのような,,
STR_B_2FB, ハ゛ク゛にすかれる\, ハ゛ク゛にすかれる\,,
STR_B_30C, ハッカーか゛, ハッカーか゛,,
STR_B_31D, ひつようなんた゛!, ひつようなんた゛!,,
STR_B_331, [name]、\, [name]、\,,
STR_B_33B, ハ゛ク゛サイトの, ハ゛ク゛サイトの,,
STR_B_34E, へいわを まもるために, へいわを まもるために,,
STR_B_360, てつた゛ってくれ!」, てつた゛ってくれ!」,,
STR_B_3A8,ちちおや\,ちちおや\,,
STR_B_3B3,「やってくれるか,「やってくれるか,,
STR_B_3C5, よし、いまから、\, よし、いまから、\,,
STR_B_3D5, おまえは、, おまえは、,,
STR_B_3E5, カ゛ーテ゛ィアンの\, カ゛ーテ゛ィアンの\,,
STR_B_3F6, いちいんた゛, いちいんた゛,,
STR_B_407, そのあかしとして、\, そのあかしとして、\,,
STR_B_418, おまえを、, おまえを、,,
STR_B_428, Bきゅうハッカーに\, Bきゅうハッカーに\,,
STR_B_439, にんていしよう」, にんていしよう」,,
STR_B_461,[name]は、\,[name]は、\,,
STR_B_46B,Bきゅうハッカーになった!,Bきゅうハッカーになった!,,
STR_B_497,ちちおや\,ちちおや\,,
STR_B_4A2,「ハ゛ク゛リストは,「ハ゛ク゛リストは,,
STR_B_4B5, ハ゛ク゛をと゛れた゛け, ハ゛ク゛をと゛れた゛け,,
STR_B_4C7, あつめたかか゛, あつめたかか゛,,
STR_B_4D9, わかるリストた゛。, わかるリストた゛。,,
STR_B_4ED, モハ゛イルて゛\, モハ゛イルて゛\,,
STR_B_4FC, ハ゛ク゛リストを, ハ゛ク゛リストを,,
STR_B_50F, えらんて゛かくにん\, えらんて゛かくにん\,,
STR_B_520, してみるといいた゛ろう, してみるといいた゛ろう,,
STR_B_536, ハ゛ク゛リストを\, ハ゛ク゛リストを\,,
STR_B_546, かんせいさせることか゛, かんせいさせることか゛,,
STR_B_55C, ハッカーとして1は゛ん, ハッカーとして1は゛ん,,
STR_B_56E, たいせつなことなんた゛, たいせつなことなんた゛,,
STR_B_584, ハ゛ク゛はワクチンて゛, ハ゛ク゛はワクチンて゛,,
STR_B_596, つかまえられるそ゛, つかまえられるそ゛,,
STR_B_5AA, せんとうちゅうに\, せんとうちゅうに\,,
STR_B_5BA, つかまえたいハ゛ク゛に, つかまえたいハ゛ク゛に,,
STR_B_5D0, ワクチンを つかうと\, ワクチンを つかうと\,,
STR_B_5E2, ハ゛ク゛のウイルスを, ハ゛ク゛のウイルスを,,
STR_B_5F7, し゛ょきょすることか゛, し゛ょきょすることか゛,,
STR_B_609, て゛きる。, て゛きる。,,
STR_B_619, ウイルスを すへ゛て\, ウイルスを すへ゛て\,,
STR_B_62B, し゛ょきょしてやれは゛, し゛ょきょしてやれは゛,,
STR_B_641, そのハ゛ク゛を\, そのハ゛ク゛を\,,
STR_B_650, なかまにて゛きるそ゛!, なかまにて゛きるそ゛!,,
STR_B_666, ハ゛ク゛を つかまえる, ハ゛ク゛を つかまえる,,
STR_B_678, ワクチンには, ワクチンには,,
STR_B_689, いろいろな\, いろいろな\,,
STR_B_696, しゅるいか゛ある。, しゅるいか゛ある。,,
STR_B_6AA, またワクチンか゛\, またワクチンか゛\,,
STR_B_6BA, ききにくいは゛あいは, ききにくいは゛あいは,,
STR_B_6CF, ハ゛ク゛を よわらせて, ハ゛ク゛を よわらせて,,
STR_B_6E1, からつかうと, からつかうと,,
STR_B_6F2, ワクチンの\, ワクチンの\,,
STR_B_6FF, こうかか゛あか゛るそ゛, こうかか゛あか゛るそ゛,,
STR_B_715, ハ゛ク゛は つかまえた, ハ゛ク゛は つかまえた,,
STR_B_727, た゛けて゛はタ゛メた゛, た゛けて゛はタ゛メた゛,,
STR_B_73D, チッフ゜を\, チッフ゜を\,,
STR_B_74A, そうひ゛させ、, そうひ゛させ、,,
STR_B_75C, ハ゜ーティに\, ハ゜ーティに\,,
STR_B_76A, くみこむんた゛。, くみこむんた゛。,,
STR_B_77D, ハ゜ーティは3たいまて゛, ハ゜ーティは3たいまて゛,,
STR_B_790, くみこめるそ゛。, くみこめるそ゛。,,
STR_B_7A3, ハ゜ーティは\, ハ゜ーティは\,,
STR_B_7B1, モハ゛イルの, モハ゛イルの,,
STR_B_7C2, へんせいて゛\, へんせいて゛\,,
STR_B_7D0, くみかえか゛て゛きる。, くみかえか゛て゛きる。,,
STR_B_7E6, ワクチンやチッフ゜なと゛, ワクチンやチッフ゜なと゛,,
STR_B_7F9, アイテムは, アイテムは,,
STR_B_809, ハ゛ク゛サイトの\, ハ゛ク゛サイトの\,,
STR_B_819, ショッフ゜て゛, ショッフ゜て゛,,
STR_B_82B, かうことか゛\, かうことか゛\,,
STR_B_839, て゛きるそ゛!, て゛きるそ゛!,,
STR_B_84B, なにか わからない\, なにか わからない\,,
STR_B_85C, コトか゛あったら, コトか゛あったら,,
STR_B_86F, かくラント゛の\, かくラント゛の\,,
STR_B_87E, テクノエリアにある, テクノエリアにある,,
STR_B_892, ヒ゛キ゛ナーハウスに\, ヒ゛キ゛ナーハウスに\,,
STR_B_8A4, いけは゛、, いけは゛、,,
STR_B_8B4, おまえのき゛もんも\, おまえのき゛もんも\,,
STR_B_8C5, かいけつするた゛ろう, かいけつするた゛ろう,,
STR_B_8DA, おまえは また゛\, おまえは また゛\,,
STR_B_8EA, Bきゅうハッカーた゛か゛, Bきゅうハッカーた゛か゛,,
STR_B_901, ハッカーランクか゛\, ハッカーランクか゛\,,
STR_B_912, あか゛れは゛, あか゛れは゛,,
STR_B_923, もっとハ゛ク゛を\, もっとハ゛ク゛を\,,
STR_B_933, あつめやすくなる。, あつめやすくなる。,,
STR_B_947, ランクをあけ゛て\, ランクをあけ゛て\,,
STR_B_957, ハ゛ク゛をあつめて, ハ゛ク゛をあつめて,,
STR_B_96B, ハ゛ク゛リストを\, ハ゛ク゛リストを\,,
STR_B_97B, かんせいさせることて゛, かんせいさせることて゛,,
STR_B_991, おまえは さいきょうの, おまえは さいきょうの,,
STR_B_9A3, ハッカーになれるんた゛, ハッカーになれるんた゛,,
STR_B_9B9, か゛んは゛れよ!\, か゛んは゛れよ!\,,
STR_B_9C9, [name]!」, [name]!」,,
STR_B_9ED,ちちおや\,ちちおや\,,
STR_B_9F8,「[name]!,「[name]!,,
STR_B_A05, わたしの たのみを\, わたしの たのみを\,,
STR_B_A16, きいてくれ!」, きいてくれ!」,(End of prologue.),
,,,,
STR_C_87,ははおや\,"ははおや\
「あさよ、
 おきなさい!」",(Wake up),
STR_C_92,「あさよ、,,,
STR_C_A1, おきなさい!」,,,
STR_C_CC,ははおや\,"ははおや\
「いつまて゛
 ねてるつもりなの?
 か゛っこう、\
 ちこくしちゃうわよ」",,
STR_C_D7,「いつまて゛,,,
STR_C_E7, ねてるつもりなの?,,,
STR_C_FB, か゛っこう、\,,,
STR_C_109, ちこくしちゃうわよ」,,,
,,,,
STR_D_6C,ユイ\,ユイ\,(Exit house),
STR_D_75,「おはよう!,「おはよう!,,
STR_D_85, ねえねえ、\, ねえねえ、\,,
STR_D_92, インターネットを, インターネットを,,
STR_D_A5, はし゛めたんた゛って?, はし゛めたんた゛って?,,
STR_D_BB, これ、わたしの\, これ、わたしの\,,
STR_D_CA, メールアト゛レスよ, メールアト゛レスよ,,
STR_D_F3,[name]は\,[name]は\,,
STR_D_FC,ユイと,ユイと,,
STR_D_109,メールアト゛レスを\,メールアト゛レスを\,,
STR_D_119,こうかんした,こうかんした,,
STR_D_13E,ユイ\,ユイ\,,
STR_D_147,「なにかあったら,「なにかあったら,,
STR_D_159, メールするね, メールするね,,
STR_D_16A, きょうは\, きょうは\,,
STR_D_176, にっちょくた゛から, にっちょくた゛から,,
STR_D_18A, さきにか゛っこうへ\, さきにか゛っこうへ\,,
STR_D_19B, いってるね。, いってるね。,,
STR_D_1AC, し゛ゃあね」, し゛ゃあね」,,
STR_D_1E5,し゛ゅき゛ょうか゛はし゛まる\,し゛ゅき゛ょうか゛はし゛まる\,,
STR_D_1FA,チャイムか゛なった。,チャイムか゛なった。,,
STR_D_20E,キ゛リキ゛リし゛かんに\,キ゛リキ゛リし゛かんに\,,
STR_D_220,まにあったようた゛。,まにあったようた゛。,,
,,,,
STR_E_74,せんせい\,せんせい\,(School),
STR_E_7F,「おはよう。,「おはよう。,,
STR_E_8F, か゛っこうを\, か゛っこうを\,,
STR_E_9D, かんりしている, かんりしている,,
STR_E_AF, コンヒ゜ューターか゛\, コンヒ゜ューターか゛\,,
STR_E_C1, おかしくなってしまって, おかしくなってしまって,,
STR_E_D7, か゛っこうに\, か゛っこうに\,,
STR_E_E5, はいれないの。, はいれないの。,,
STR_E_F7, いまカ゛ーテ゛ィアンの, いまカ゛ーテ゛ィアンの,,
STR_E_109, ひとにれんらくしたから, ひとにれんらくしたから,,
STR_E_11F, もうすく゛\, もうすく゛\,,
STR_E_12C, はいれるようになるわ。, はいれるようになるわ。,,
STR_E_142, ちょっと\, ちょっと\,,
STR_E_14E, まっててね。, まっててね。,,
STR_E_15F, あ、きょうしつに\, あ、きょうしつに\,,
STR_E_16F, はいれないからって, はいれないからって,,
STR_E_183, か゛っこうからて゛ちゃ, か゛っこうからて゛ちゃ,,
STR_E_195, た゛めよ」, た゛めよ」,,
STR_E_22E,ユイ\,ユイ\,,
STR_E_237,「ねえねえ、,「ねえねえ、,,
STR_E_247, カ゛ーテ゛ィアンって\, カ゛ーテ゛ィアンって\,,
STR_E_259, しってる?」, しってる?」,,
STR_E_2A7,ユイ\,ユイ\,,
STR_E_2B0,「へえ、,「へえ、,,
STR_E_2BE, コンヒ゜ューター\, コンヒ゜ューター\,,
STR_E_2CE, おんちなのに、, おんちなのに、,,
STR_E_2E0, くわしいのね」, くわしいのね」,,
STR_E_2F1,ユイ\,ユイ\,,
STR_E_2FA,「カ゛ーテ゛ィアンって,「カ゛ーテ゛ィアンって,,
STR_E_30F, すこ゛いんた゛から!, すこ゛いんた゛から!,,
STR_E_324, こんなし゛けんなんて\, こんなし゛けんなんて\,,
STR_E_336, チョイチョイよ」, チョイチョイよ」,,
STR_E_35F,ちちおやからの\,ちちおやからの\,,
STR_E_36D,メールをし゛ゅしんしました。,メールをし゛ゅしんしました。,,
STR_E_39A,ちちおや\,ちちおや\,,
STR_E_3A5,「わたした゛。,「わたした゛。,,
STR_E_3B6, いま、おまえの\, いま、おまえの\,,
STR_E_3C5, か゛っこうから, か゛っこうから,,
STR_E_3D7, コンヒ゜ューターか゛\, コンヒ゜ューターか゛\,,
STR_E_3E9, おかしいと, おかしいと,,
STR_E_3F9, れんらくか゛\, れんらくか゛\,,
STR_E_407, あってな。, あってな。,,
STR_E_417, ハ゛ク゛サイト\, ハ゛ク゛サイト\,,
STR_E_426, 4た゛いラント゛の, 4た゛いラント゛の,,
STR_E_43A, 1つて゛ある\, 1つて゛ある\,,
STR_E_448, アミラント゛へいって, アミラント゛へいって,,
STR_E_45D, そのけ゛んいんを\, そのけ゛んいんを\,,
STR_E_46D, たしかめてくれ!, たしかめてくれ!,,
STR_E_480, ます゛は、\, ます゛は、\,,
STR_E_48D, せ゛んかい いった, せ゛んかい いった,,
STR_E_4A1, アミテクノエリアて゛\, アミテクノエリアて゛\,,
STR_E_4B3, し゛ょうほうを, し゛ょうほうを,,
STR_E_4C5, あつめてくると\, あつめてくると\,,
STR_E_4D4, いいた゛ろう。, いいた゛ろう。,,
STR_E_4E6, か゛っこうの\, か゛っこうの\,,
STR_E_4F4, ほうそうしつにある, ほうそうしつにある,,
STR_E_508, アクセスホ゜イントから, アクセスホ゜イントから,,
STR_E_51A, ハ゛ク゛サイトへ, ハ゛ク゛サイトへ,,
STR_E_52D, タ゛イフ゛してくれ, タ゛イフ゛してくれ,,
STR_E_541, たのんた゛そ゛\, たのんた゛そ゛\,,
STR_E_550, [name]!」, [name]!」,,
STR_E_58E,せんせい\,せんせい\,,
STR_E_599,「きょうしつに,「きょうしつに,,
STR_E_5AA, はいれないからって、, はいれないからって、,,
STR_E_5BF, か゛っこうからて゛ちゃ, か゛っこうからて゛ちゃ,,
STR_E_5D1, た゛めよ」, た゛めよ」,,
,,,,
STR_F_93,アミサファリエリアへの\,アミサファリエリアへの\,(Site Gate),
STR_F_A5,ケ゛ートて゛す。,ケ゛ートて゛す。,,
STR_F_B7,このケ゛ートを ひらくための\,このケ゛ートを ひらくための\,,
STR_F_CC,ハ゜スワート゛か゛ありません。,ハ゜スワート゛か゛ありません。,,
STR_F_108,アミサファリエリアへの\,アミサファリエリアへの\,,
STR_F_11A,ケ゛ートて゛す。,ケ゛ートて゛す。,,
STR_F_12C,ハ゜スワート゛を\,ハ゜スワート゛を\,,
STR_F_13B,にゅうりょくしてくた゛さい,にゅうりょくしてくた゛さい,,
STR_F_1E1,ハ゜スワート゛か゛ちか゛います。,ハ゜スワート゛か゛ちか゛います。,,
STR_F_213,このさきは\,このさきは\,,
STR_F_21F,アミサファリエリアへの,アミサファリエリアへの,,
STR_F_234,ケ゛ートになります。,ケ゛ートになります。,,
STR_F_269,アミラント゛への\,アミラント゛への\,,
STR_F_278,ケ゛ートて゛す。,ケ゛ートて゛す。,,
STR_F_28A,このケ゛ートを ひらくための\,このケ゛ートを ひらくための\,,
STR_F_29F,ハ゜スワート゛か゛ありません。,ハ゜スワート゛か゛ありません。,,
STR_F_2DB,アミラント゛への\,アミラント゛への\,,
STR_F_2EA,ケ゛ートて゛す。,ケ゛ートて゛す。,,
STR_F_2FC,ハ゜スワート゛を\,ハ゜スワート゛を\,,
STR_F_30B,にゅうりょくしてくた゛さい,にゅうりょくしてくた゛さい,,
STR_F_3B1,ハ゜スワート゛か゛ちか゛います。,ハ゜スワート゛か゛ちか゛います。,,
STR_F_3E3,このさきは\,このさきは\,,
STR_F_3EF,アミラント゛への,アミラント゛への,,
STR_F_401,ケ゛ートになります。,ケ゛ートになります。,,
STR_F_42B,ハ゜スワート゛を\,ハ゜スワート゛を\,,
STR_F_43A,かくにんしました。,かくにんしました。,,
STR_F_44D,と゛うそ゛\,と゛うそ゛\,,
STR_F_459,おとおりくた゛さい。,おとおりくた゛さい。,,
STR_F_483,このさきは\,このさきは\,,
STR_F_48F,アミテクノエリアへの,アミテクノエリアへの,,
STR_F_4A3,ケ゛ートになります。,ケ゛ートになります。,,
,,,,
STR_11_61,てんちょう\,てんちょう\,(Return to Yamaneko),
STR_11_6D,「あっ、,「あっ、,,
STR_11_77, , ,,
STR_11_82, と゛うも\, と゛うも\,,
STR_11_8E, このあいた゛は, このあいた゛は,,
STR_11_9C, , ,,
STR_11_A7, ほんとうに\, ほんとうに\,,
STR_11_B4, しつれいしました, しつれいしました,,
STR_11_C7, まさか\, まさか\,,
STR_11_D2, カ゛ーテ゛ィアンの, カ゛ーテ゛ィアンの,,
STR_11_E6, かたた゛ったとは・・・, かたた゛ったとは・・・,,
STR_11_FC, おわひ゛といっては\, おわひ゛といっては\,,
STR_11_10D, なんて゛すか゛, なんて゛すか゛,,
STR_11_11F, これを\, これを\,,
STR_11_12A, つかってくた゛さい, つかってくた゛さい,,
STR_11_153,アミラント゛と\,アミラント゛と\,,
STR_11_161,アミサファリエリアの,アミサファリエリアの,,
STR_11_175,ハ゜スワート゛を\,ハ゜スワート゛を\,,
STR_11_184,てにいれた,てにいれた,,
STR_11_19A,これて゛し゛ゆうに\,これて゛し゛ゆうに\,,
STR_11_1AA,いききて゛きるそ゛,いききて゛きるそ゛,,
STR_11_1D2,てんちょう\,てんちょう\,,
STR_11_1DE,「サファリエリアには\,「サファリエリアには\,,
STR_11_1F3, やせいのハ゛ク゛か゛\, やせいのハ゛ク゛か゛\,,
STR_11_205, たくさんいますよ。, たくさんいますよ。,,
STR_11_219, ハッカーの\, ハッカーの\,,
STR_11_226, みなさんは、, みなさんは、,,
STR_11_237, そこて゛ハ゛ク゛を\, そこて゛ハ゛ク゛を\,,
STR_11_248, つかまえて, つかまえて,,
STR_11_258, なかまを\, なかまを\,,
STR_11_264, ふやすんて゛す。, ふやすんて゛す。,,
STR_11_277, ハ゛ク゛には\, ハ゛ク゛には\,,
STR_11_285, あいしょうか゛あって、, あいしょうか゛あって、,,
STR_11_29B, いくら\, いくら\,,
STR_11_2A6, つよいハ゛ク゛て゛も, つよいハ゛ク゛て゛も,,
STR_11_2BB, 1たいて゛は\, 1たいて゛は\,,
STR_11_2C9, あいしょうのわるい, あいしょうのわるい,,
STR_11_2DD, ハ゛ク゛に やられて\, ハ゛ク゛に やられて\,,
STR_11_2EF, しまいますからね。, しまいますからね。,,
STR_11_303, たくさんハ゛ク゛を\, たくさんハ゛ク゛を\,,
STR_11_314, つかまえて、, つかまえて、,,
STR_11_325, と゛んなハ゛ク゛か゛\, と゛んなハ゛ク゛か゛\,,
STR_11_337, おそってきても, おそってきても,,
STR_11_349, ゆういに\, ゆういに\,,
STR_11_355, たたかえるように, たたかえるように,,
STR_11_368, ハ゜ーティの\, ハ゜ーティの\,,
STR_11_376, へんせいを するのか゛, へんせいを するのか゛,,
STR_11_38C, フ゜ロのハッカー\, フ゜ロのハッカー\,,
STR_11_39C, た゛とか。, た゛とか。,,
STR_11_3AC, はし゛めて はいる\, はし゛めて はいる\,,
STR_11_3BD, ラント゛に いったら, ラント゛に いったら,,
STR_11_3D2, ます゛サファリエリアに, ます゛サファリエリアに,,
STR_11_3E4, よって, よって,,
STR_11_3F2, あたらしいハ゛ク゛を\, あたらしいハ゛ク゛を\,,
STR_11_404, つかまえるのか゛, つかまえるのか゛,,
STR_11_417, いいて゛すよ」, いいて゛すよ」,,
STR_11_473,「いらっしゃいませ!,「いらっしゃいませ!,,
STR_11_487, これ、うちの\, これ、うちの\,,
STR_11_495, メールアト゛レスて゛す, メールアト゛レスて゛す,,
STR_11_4AB, おおうりた゛しのときは, おおうりた゛しのときは,,
STR_11_4BD, メールしますよ」, メールしますよ」,,
STR_11_4E5,[name]は\,[name]は\,,
STR_11_4EE,メールアト゛レスを,メールアト゛レスを,,
STR_11_501,こうかんした,こうかんした,,
STR_11_527,「18さいみまんおことわり」\,「18さいみまんおことわり」\,,
STR_11_53C,と、かいてある。,と、かいてある。,,
STR_11_54E,このみせは オトナしか\,このみせは オトナしか\,,
STR_11_560,はいれないようた゛,はいれないようた゛,,
,,,,
STR_12_61,アミテクノエリアの\,アミテクノエリアの\,(Enter Amiland),
STR_12_71,チッフ゜やからの,チッフ゜やからの,,
STR_12_83,メールをし゛ゅしんしました。,メールをし゛ゅしんしました。,,
STR_12_B0,「あっ、と゛ーも\,「あっ、と゛ーも\,,
STR_12_BF, アミラント゛の, アミラント゛の,,
STR_12_CD, , ,,
STR_12_D8, テクノエリアの\, テクノエリアの\,,
STR_12_E7, チッフ゜やっす。, チッフ゜やっす。,,
STR_12_FA, あたらしいしなものか゛, あたらしいしなものか゛,,
STR_12_10C, はいりましたんて゛, はいりましたんて゛,,
STR_12_120, おしらせします。, おしらせします。,,
STR_12_12F, , ,,
STR_12_13A, ちかくにきたら\, ちかくにきたら\,,
STR_12_149, よってくた゛さい」, よってくた゛さい」,,
STR_12_173,カ゛ート゛マン\,カ゛ート゛マン\,,
STR_12_181,「ふ゛か゛いしゃは,「ふ゛か゛いしゃは,,
STR_12_194, たちいりきんした゛。, たちいりきんした゛。,,
STR_12_1A9, とおすわけには\, とおすわけには\,,
STR_12_1B8, いかない!, いかない!,,
STR_12_1C8, もし、\, もし、\,,
STR_12_1D3, とおりたいのなら, とおりたいのなら,,
STR_12_1E6, ちからす゛くて゛\, ちからす゛くて゛\,,
STR_12_1F6, とおってみな!」, とおってみな!」,,
STR_12_26B,カ゛ート゛マン\,カ゛ート゛マン\,,
STR_12_279,「まけた・・・。,「まけた・・・。,,
STR_12_28B, カ゛ート゛マン\, カ゛ート゛マン\,,
STR_12_29A, しっかく・・・」, しっかく・・・」,,
,,,,
STR_14_AD,トコ\,トコ\,(Trinity Building),
STR_14_B6,「あたいに,「あたいに,,
STR_14_C5, ケチつけるなんて、\, ケチつけるなんて、\,,
STR_14_D6, シ゛ョートーし゛ゃん」, シ゛ョートーし゛ゃん」,,
STR_14_15F,トコ\,トコ\,,
STR_14_168,「かいしゃいんのほうか゛,「かいしゃいんのほうか゛,,
STR_14_17E, ラクた゛ったわァ, ラクた゛ったわァ,,
STR_14_191, ほ゛うや、\, ほ゛うや、\,,
STR_14_19E, おねーさんのこのみ, おねーさんのこのみ,,
STR_14_1B2, いいことしたいなァ\, いいことしたいなァ\,,
STR_14_1C3, メールしよう」, メールしよう」,,
STR_14_1EA,[name]は\,[name]は\,,
STR_14_1F3,ムホウモノねーさん トコと,ムホウモノねーさん トコと,,
STR_14_20A,メールアト゛レスを\,メールアト゛レスを\,,
STR_14_21A,こうかんした,こうかんした,,
STR_14_23F,トコ\,トコ\,,
STR_14_248,「いいし゛ょうほうか゛,「いいし゛ょうほうか゛,,
STR_14_25D, はいったら、, はいったら、,,
STR_14_26E, そっこうメール\, そっこうメール\,,
STR_14_27D, するわね」, するわね」,,
STR_14_319,トコ\,トコ\,,
STR_14_322,「あたいに,「あたいに,,
STR_14_331, ケチつけるなんて、\, ケチつけるなんて、\,,
STR_14_342, シ゛ョートーし゛ゃん」, シ゛ョートーし゛ゃん」,,
STR_14_3CB,トコ\,トコ\,,
STR_14_3D4,「かいしゃいんのほうか゛,「かいしゃいんのほうか゛,,
STR_14_3EA, ラクた゛ったわァ」, ラクた゛ったわァ」,,
STR_14_48B,ウエニョン\,ウエニョン\,,
STR_14_497,「オレにかったら、,「オレにかったら、,,
STR_14_4AA, オレのハ゛ンタ゛ナを\, オレのハ゛ンタ゛ナを\,,
STR_14_4BC, あけ゛るよ」, あけ゛るよ」,,
STR_14_540,ウエニョン\,ウエニョン\,,
STR_14_54C,「こんと゛,「こんと゛,,
STR_14_55B, オレか゛かったら、\, オレか゛かったら、\,,
STR_14_56C, かえしてくれよな, かえしてくれよな,,
STR_14_57F, あたらしいハ゛ク゛を\, あたらしいハ゛ク゛を\,,
STR_14_591, みつけたら, みつけたら,,
STR_14_5A1, メールするよ」, メールするよ」,,
STR_14_5C8,[name]は\,[name]は\,,
STR_14_5D1,ムホウモノ ウエニョンと,ムホウモノ ウエニョンと,,
STR_14_5E7,メールアト゛レスを,メールアト゛レスを,,
STR_14_5F6,こうかんした,こうかんした,,
STR_14_61B,ウエニョン\,ウエニョン\,,
STR_14_627,「また、あおうせ゛」,「また、あおうせ゛」,,
STR_14_6C7,ウエニョン\,ウエニョン\,,
STR_14_6D3,「オレにかったら、,「オレにかったら、,,
STR_14_6E6, オレのハ゛ンタ゛ナを\, オレのハ゛ンタ゛ナを\,,
STR_14_6F8, あけ゛るよ」, あけ゛るよ」,,
STR_14_77C,ウエニョン\,ウエニョン\,,
STR_14_788,「チクショー,「チクショー,,
STR_14_798, かてると\, かてると\,,
STR_14_7A4, おもったのに」, おもったのに」,,
STR_14_842,オーチ\,オーチ\,,
STR_14_84C,「アーラ、ワタクシに,「アーラ、ワタクシに,,
STR_14_860, かてるとて゛も\, かてるとて゛も\,,
STR_14_86F, おもって?」, おもって?」,,
STR_14_8F3,オーチ\,オーチ\,,
STR_14_8FD,「トホホホ・・・,「トホホホ・・・,,
STR_14_90F, ワタクシとしたことか゛, ワタクシとしたことか゛,,
STR_14_921, ウチのコにも, ウチのコにも,,
STR_14_932, あなたみたいな\, あなたみたいな\,,
STR_14_941, おとこのこになって, おとこのこになって,,
STR_14_955, ほしいサ゛ァマスわ, ほしいサ゛ァマスわ,,
STR_14_969, これ、わたくしの\, これ、わたくしの\,,
STR_14_979, メールアト゛レスよ」, メールアト゛レスよ」,,
STR_14_9A3,[name]は\,[name]は\,,
STR_14_9AC,サ゛ァマスムホウモノのオーチと,サ゛ァマスムホウモノのオーチと,,
STR_14_9C5,メールアト゛レスを\,メールアト゛レスを\,,
STR_14_9D5,こうかんした,こうかんした,,
STR_14_9FA,オーチ\,オーチ\,,
STR_14_A04,「こ゛めんあそは゛せ」,「こ゛めんあそは゛せ」,,
STR_14_AA5,オーチ\,オーチ\,,
STR_14_AAF,「アーラ、ワタクシに,「アーラ、ワタクシに,,
STR_14_AC3, かてるとて゛も\, かてるとて゛も\,,
STR_14_AD2, おもって?」, おもって?」,,
STR_14_B56,オーチ\,オーチ\,,
STR_14_B60,「トホホホ・・・,「トホホホ・・・,,
STR_14_B72, ワタクシとしたことか゛, ワタクシとしたことか゛,,
STR_14_B84, ク、クヤシーッ!!」, ク、クヤシーッ!!」,,
,,,,
STR_1B_61,カミセン\,カミセン\,(Trinity Building boss),
STR_1B_6C,「ハッハッハッ!,「ハッハッハッ!,,
STR_1B_7E, わたしか゛\, わたしか゛\,,
STR_1B_8B, このFEヒ゛ルを, このFEヒ゛ルを,,
STR_1B_9E, かんりしている\, かんりしている\,,
STR_1B_AD, カミセンた゛!, カミセンた゛!,,
STR_1B_BF, ウェルテ゛ハイト゛の\, ウェルテ゛ハイト゛の\,,
STR_1B_D1, かんふ゛といったほうか゛, かんふ゛といったほうか゛,,
STR_1B_E8, わかりやすいかな?\, わかりやすいかな?\,,
STR_1B_F9, ハッハッハッ!, ハッハッハッ!,,
STR_1B_10B, カ゛ーテ゛ィアンの\, カ゛ーテ゛ィアンの\,,
STR_1B_11C, やつか゛, やつか゛,,
STR_1B_12B, しんにゅう してきた\, しんにゅう してきた\,,
STR_1B_13D, という, という,,
STR_1B_14B, れんらくか゛\, れんらくか゛\,,
STR_1B_159, あったか゛、, あったか゛、,,
STR_1B_16A, キミの ような\, キミの ような\,,
STR_1B_179, こと゛もとは・・・。, こと゛もとは・・・。,,
STR_1B_18E, カ゛ーテ゛ィアンも\, カ゛ーテ゛ィアンも\,,
STR_1B_19F, おちたものた゛な!, おちたものた゛な!,,
STR_1B_1B3, もう\, もう\,,
STR_1B_1BD, このアミラント゛は, このアミラント゛は,,
STR_1B_1D1, ウェルテ゛ハイト゛の\, ウェルテ゛ハイト゛の\,,
STR_1B_1E3, ものさ!, ものさ!,,
STR_1B_1F2, かくこ゛しろ!!」, かくこ゛しろ!!」,,
STR_1B_268,カミセン\,カミセン\,,
STR_1B_273,「クックックッ・・・,「クックックッ・・・,,
STR_1B_287, ほ゛うか゛いて゛んは゜, ほ゛うか゛いて゛んは゜,,
STR_1B_299, を た゛して, を た゛して,,
STR_1B_2AA, ちし゛ょうの\, ちし゛ょうの\,,
STR_1B_2B8, コンヒ゜ューターを, コンヒ゜ューターを,,
STR_1B_2CC, こんらんさせる\, こんらんさせる\,,
STR_1B_2DB, もくてきか゛, もくてきか゛,,
STR_1B_2EC, こんな\, こんな\,,
STR_1B_2F7, こと゛もに, こと゛もに,,
STR_1B_307, し゛ゃまされる\, し゛ゃまされる\,,
STR_1B_316, とは・・・」, とは・・・」,,
STR_1B_3B2,[name]は\,[name]は\,,
STR_1B_3BB,かいし゛ょキーを,かいし゛ょキーを,,
STR_1B_3CD,てにいれた。\,てにいれた。\,,
STR_1B_3E1,これて゛,これて゛,,
STR_1B_3EF,て゛んは゜し゛ょうたいか゛\,て゛んは゜し゛ょうたいか゛\,,
STR_1B_403,なおせる!,なおせる!,,
STR_1B_412,アンテナの\,アンテナの\,,
STR_1B_41E,コンヒ゜ューターを しらへ゛て,コンヒ゜ューターを しらへ゛て,,
STR_1B_437,て゛んは゜を\,て゛んは゜を\,,
STR_1B_444,せいし゛ょうに もと゛そう!,せいし゛ょうに もと゛そう!,,
STR_1B_479,ほ゛うか゛いて゛んは゜か゛\,ほ゛うか゛いて゛んは゜か゛\,,
STR_1B_48D,とまった!,とまった!,,
STR_1B_49C,け゛んし゛つせかいの\,け゛んし゛つせかいの\,,
STR_1B_4AD,コンヒ゜ューターか゛,コンヒ゜ューターか゛,,
STR_1B_4C1,せいし゛ょうに もと゛った!,せいし゛ょうに もと゛った!,,
STR_1B_4D9,さあ、\,さあ、\,,
STR_1B_4E3,か゛っこうに もと゛ろう!,か゛っこうに もと゛ろう!,,
,,,,
STR_1D_3B,ユイ\,ユイ\,(Return to school),
STR_1D_44,「んもぅ,「んもぅ,,
STR_1D_52, いったい\, いったい\,,
STR_1D_5E, と゛こへ いってたのよ, と゛こへ いってたのよ,,
STR_1D_74, あなたか゛\, あなたか゛\,,
STR_1D_81, と゛こかへ いっている, と゛こかへ いっている,,
STR_1D_97, あいた゛に、\, あいた゛に、\,,
STR_1D_A5, カ゛ーテ゛ィアンか゛, カ゛ーテ゛ィアンか゛,,
STR_1D_BA, し゛けんを\, し゛けんを\,,
STR_1D_C7, かいけつ しちゃったわ, かいけつ しちゃったわ,,
STR_1D_DD, か゛っこうに\, か゛っこうに\,,
STR_1D_EB, はいれるように, はいれるように,,
STR_1D_FD, なったみたい。\, なったみたい。\,,
STR_1D_10C, はやくいこうよ!!」, はやくいこうよ!!」,,
STR_1D_1E1,こうして、\,こうして、\,,
STR_1D_1ED,[name]は,[name]は,,
STR_1D_1F9,カ゛ーテ゛ィアンの たいいんとして\,カ゛ーテ゛ィアンの たいいんとして\,,
STR_1D_211,はつにんむをおえた,はつにんむをおえた,(End of Amiland arc),
,,,,
STR_1E_87,ははおや\,ははおや\,(Wake up),
STR_1E_92,「あさよ、,「あさよ、,,
STR_1E_A1, [name]、\, [name]、\,,
STR_1E_AB, おきなさい!」, おきなさい!」,,
STR_1E_D6,ははおや\,ははおや\,,
STR_1E_E1,「きのう,「きのう,,
STR_1E_EF, しゅくた゛いを\, しゅくた゛いを\,,
STR_1E_FE, わすれたんた゛って?, わすれたんた゛って?,,
STR_1E_113, ユイちゃんから\, ユイちゃんから\,,
STR_1E_122, きいたわよ, きいたわよ,,
STR_1E_132, しゅくた゛いか゛\, しゅくた゛いか゛\,,
STR_1E_142, おわってから, おわってから,,
STR_1E_153, あそひ゛にいくのよ」, あそひ゛にいくのよ」,,
,,,,
STR_1F_3B,ユイ\,ユイ\,(Exit house),
STR_1F_44,「ねえねえねえ,「ねえねえねえ,,
STR_1F_55, きいたきいた?, きいたきいた?,,
STR_1F_67, なんた゛か\, なんた゛か\,,
STR_1F_74, みなとか゛, みなとか゛,,
STR_1F_84, スコ゛イことに\, スコ゛イことに\,,
STR_1F_93, なってるみたいよ, なってるみたいよ,,
STR_1F_A6, いってみたら?」, いってみたら?」,,
,,,,
STR_20_74,ト゛アの むこうから\,ト゛アの むこうから\,(Harbor),
STR_20_85,はなしこ゛えか゛きこえる・・・。,はなしこ゛えか゛きこえる・・・。,,
STR_20_B4,「はい、そうさは\,「はい、そうさは\,,
STR_20_C3, し゛ゅんちょうに, し゛ゅんちょうに,,
STR_20_D6, すすんて゛います\, すすんて゛います\,,
STR_20_E6, これから, これから,,
STR_20_F5, タ゛イフ゛して\, タ゛イフ゛して\,,
STR_20_104, シーラント゛へ, シーラント゛へ,,
STR_20_116, むかいます」, むかいます」,,
STR_20_13C,ちちおやからの\,ちちおやからの\,,
STR_20_14A,メールをし゛ゅしんしました。,メールをし゛ゅしんしました。,,
STR_20_177,ちちおや\,ちちおや\,,
STR_20_182,「[name]よ,「[name]よ,,
STR_20_18F, いま はいった\, いま はいった\,,
STR_20_19E, し゛ょうほうた゛か゛, し゛ょうほうた゛か゛,,
STR_20_1B3, なのはなタウンの\, なのはなタウンの\,,
STR_20_1C3, みなとか゛, みなとか゛,,
STR_20_1D3, たいへんなことに\, たいへんなことに\,,
STR_20_1E3, なっているらしい。, なっているらしい。,,
STR_20_1F7, みなとにある\, みなとにある\,,
STR_20_205, アクセスホ゜イントを, アクセスホ゜イントを,,
STR_20_21A, さか゛して、\, さか゛して、\,,
STR_20_228, シーラント゛へ, シーラント゛へ,,
STR_20_23A, むかい、し゛けんを\, むかい、し゛けんを\,,
STR_20_24B, かいけつしてくれ。, かいけつしてくれ。,,
STR_20_25F, たのんた゛そ゛」, たのんた゛そ゛」,,
STR_20_288,せんいん\,せんいん\,,
STR_20_293,「そうこのカキ゛かい?,「そうこのカキ゛かい?,,
STR_20_2A8, オレか゛\, オレか゛\,,
STR_20_2B4, あす゛かっているよ, あす゛かっているよ,,
STR_20_2C8, かしてやろうか?」, かしてやろうか?」,,
STR_20_32D,せんいん\,せんいん\,,
STR_20_338,「そうかい、,「そうかい、,,
STR_20_348, ほしくなったら、\, ほしくなったら、\,,
STR_20_358, いつて゛もきな」, いつて゛もきな」,,
STR_20_370,せんいん\,せんいん\,,
STR_20_37B,「ホラよ」,「ホラよ」,,
STR_20_39F,そうこのカキ゛を\,そうこのカキ゛を\,,
STR_20_3AE,てにいれた,てにいれた,,
STR_20_3E3,カキ゛か゛かかっていて,カキ゛か゛かかっていて,,
STR_20_3F4,はいれない!,はいれない!,,
,,,,
STR_21_3B,「・・・はい、\,「・・・はい、\,(Inside warehouse),
STR_21_49, これから, これから,,
STR_21_58, シーラント゛へ\, シーラント゛へ\,,
STR_21_67, タ゛イフ゛します」, タ゛イフ゛します」,,
STR_21_AA,「・・・!!\,「・・・!!\,,
STR_21_BB, おまえ、\, おまえ、\,,
STR_21_C7, いまのはなしを, いまのはなしを,,
STR_21_D9, ぬすみき゛き\, ぬすみき゛き\,,
STR_21_E7, していたな!?, していたな!?,,
STR_21_F9, いま\, いま\,,
STR_21_103, おまえのあいてを, おまえのあいてを,,
STR_21_116, しているひまはない\, しているひまはない\,,
STR_21_127, またあおう!」, またあおう!」,,
,,,,
STR_22_9A,メモか゛おちている,メモか゛おちている,(Sealand Site Gate),
STR_22_B4,と゛うやら\,と゛うやら\,,
STR_22_C0,ハ゜スワート゛のようた゛,ハ゜スワート゛のようた゛,,
STR_22_D6,と゛こかに\,と゛こかに\,,
STR_22_E2,にゅうりょくしてみよう,にゅうりょくしてみよう,,
STR_22_1B1,このさきは\,このさきは\,,
STR_22_1BD,シーリソ゛ートエリアへの,シーリソ゛ートエリアへの,,
STR_22_1D3,ケ゛ートになります。,ケ゛ートになります。,,
STR_22_20A,シーリソ゛ートエリアへの\,シーリソ゛ートエリアへの\,,
STR_22_21D,ケ゛ートて゛す。,ケ゛ートて゛す。,,
STR_22_22F,このケ゛ートを ひらくための\,このケ゛ートを ひらくための\,,
STR_22_244,ハ゜スワート゛か゛ありません。,ハ゜スワート゛か゛ありません。,,
STR_22_275,シーリソ゛ートエリアへの\,シーリソ゛ートエリアへの\,,
STR_22_288,ケ゛ートて゛す。,ケ゛ートて゛す。,,
STR_22_29A,ハ゜スワート゛を\,ハ゜スワート゛を\,,
STR_22_2A9,にゅうりょくしてくた゛さい,にゅうりょくしてくた゛さい,,
STR_22_34F,ハ゜スワート゛か゛ちか゛います。,ハ゜スワート゛か゛ちか゛います。,,
STR_22_38A,このさきは\,このさきは\,,
STR_22_396,シーテクノエリアへの,シーテクノエリアへの,,
STR_22_3AA,ケ゛ートになります。,ケ゛ートになります。,,
STR_22_3E1,シーテクノエリアへの\,シーテクノエリアへの\,,
STR_22_3F2,ケ゛ートて゛す。,ケ゛ートて゛す。,,
STR_22_404,このケ゛ートを ひらくための\,このケ゛ートを ひらくための\,,
STR_22_419,ハ゜スワート゛か゛ありません。,ハ゜スワート゛か゛ありません。,,
STR_22_44A,シーテクノエリアへの\,シーテクノエリアへの\,,
STR_22_45B,ケ゛ートて゛す。,ケ゛ートて゛す。,,
STR_22_46D,ハ゜スワート゛を\,ハ゜スワート゛を\,,
STR_22_47C,にゅうりょくしてくた゛さい,にゅうりょくしてくた゛さい,,
STR_22_522,ハ゜スワート゛か゛ちか゛います。,ハ゜スワート゛か゛ちか゛います。,,
STR_22_55D,このさきは\,このさきは\,,
STR_22_569,シーサファリエリアへの,シーサファリエリアへの,,
STR_22_57E,ケ゛ートになります。,ケ゛ートになります。,,
STR_22_5B5,シーサファリエリアへの\,シーサファリエリアへの\,,
STR_22_5C7,ケ゛ートて゛す。,ケ゛ートて゛す。,,
STR_22_5D9,このケ゛ートを ひらくための\,このケ゛ートを ひらくための\,,
STR_22_5EE,ハ゜スワート゛か゛ありません。,ハ゜スワート゛か゛ありません。,,
STR_22_61F,シーサファリエリアへの\,シーサファリエリアへの\,,
STR_22_631,ケ゛ートて゛す。,ケ゛ートて゛す。,,
STR_22_643,ハ゜スワート゛を\,ハ゜スワート゛を\,,
STR_22_652,にゅうりょくしてくた゛さい,にゅうりょくしてくた゛さい,,
STR_22_6F8,ハ゜スワート゛か゛ちか゛います。,ハ゜スワート゛か゛ちか゛います。,,
STR_22_73E,シーラント゛への\,シーラント゛への\,,
STR_22_74D,ケ゛ートて゛す。,ケ゛ートて゛す。,,
STR_22_75F,このケ゛ートを ひらくための\,このケ゛ートを ひらくための\,,
STR_22_774,ハ゜スワート゛か゛ありません。,ハ゜スワート゛か゛ありません。,,
STR_22_7A5,シーラント゛への\,シーラント゛への\,,
STR_22_7B4,ケ゛ートて゛す。,ケ゛ートて゛す。,,
STR_22_7C6,ハ゜スワート゛を\,ハ゜スワート゛を\,,
STR_22_7D5,にゅうりょくしてくた゛さい,にゅうりょくしてくた゛さい,,
STR_22_87B,ハ゜スワート゛か゛ちか゛います。,ハ゜スワート゛か゛ちか゛います。,,
STR_22_8AD,このさきは\,このさきは\,,
STR_22_8B9,シーラント゛への,シーラント゛への,,
STR_22_8CB,ケ゛ートになります。,ケ゛ートになります。,,
STR_22_8F5,ハ゜スワート゛を\,ハ゜スワート゛を\,,
STR_22_904,かくにんしました。,かくにんしました。,,
STR_22_917,と゛うそ゛\,と゛うそ゛\,,
STR_22_923,おとおりくた゛さい。,おとおりくた゛さい。,,
,,,,
STR_23_74,ハ゛ク゛コレクター\,ハ゛ク゛コレクター\,(Sea resort area),
STR_23_84,「こうみえても\,「こうみえても\,,
STR_23_92, わたしは、ゆうめいな, わたしは、ゆうめいな,,
STR_23_A7, ハ゛ク゛コレクター\, ハ゛ク゛コレクター\,,
STR_23_B8, なんた゛, なんた゛,,
STR_23_C7, し゛つは\, し゛つは\,,
STR_23_D3, というハ゛ク゛を\, というハ゛ク゛を\,,
STR_23_E3, てにいれたいんし゛ゃ, てにいれたいんし゛ゃ,,
STR_23_F8, もし、それを\, もし、それを\,,
STR_23_106, みつけてきてくれたら, みつけてきてくれたら,,
STR_23_117, , ,,
STR_23_122, わたしの\, わたしの\,,
STR_23_12E, ハ゛ク゛コレクションと, ハ゛ク゛コレクションと,,
STR_23_144, こうかんしてもいいそ゛」, こうかんしてもいいそ゛」,,
STR_23_170,「おお、これは\,「おお、これは\,,
STR_23_17E, わたしのもとめていた, わたしのもとめていた,,
STR_23_18F, ハ゛ク゛し゛ゃ, ハ゛ク゛し゛ゃ,,
STR_23_1A1, このなかのものと\, このなかのものと\,,
STR_23_1B1, こうかん\, こうかん\,,
STR_23_1C1, してくれないか?, してくれないか?,,
STR_23_1E9,「そうか、それは\,「そうか、それは\,,
STR_23_1F8, さ゛んねん」, さ゛んねん」,,
STR_23_21F,「これて゛\,「これて゛\,,
STR_23_22B, こうかんせいりつた゛な, こうかんせいりつた゛な,,
STR_23_241, めて゛たしめて゛たし」, めて゛たしめて゛たし」,,
STR_23_26D,「!!」,「!!」,,
STR_23_291,「なんと いおうと、\,「なんと いおうと、\,,
STR_23_2A2, ここから さきへ, ここから さきへ,,
STR_23_2B5, いかす わけには\, いかす わけには\,,
STR_23_2C5, いかないせ゛」, いかないせ゛」,,
STR_23_355,「リースレンさま\,「リースレンさま\,,
STR_23_364, こ゛ふ゛し゛て゛・・・」, こ゛ふ゛し゛て゛・・・」,,
,,,,
STR_24_87,「まちのなかた゛からって,「まちのなかた゛からって,(Sealand),
STR_24_99, ゆた゛んしてると, ゆた゛んしてると,,
STR_24_AC, たいへんなめにあうよ\, たいへんなめにあうよ\,,
STR_24_BE, たとえは゛・・・」, たとえは゛・・・」,,
STR_24_145,「チクショー\,「チクショー\,,
STR_24_152, ふいうちて゛, ふいうちて゛,,
STR_24_163, うまくいったと\, うまくいったと\,,
STR_24_172, おもったのに」, おもったのに」,,
STR_24_1A3,チクリ\,チクリ\,,
STR_24_1AD,「おれに まけたら、,「おれに まけたら、,,
STR_24_1C1, みんなに\, みんなに\,,
STR_24_1CD, チクってやるそ゛」, チクってやるそ゛」,,
STR_24_254,チクリ\,チクリ\,,
STR_24_25E,「たのむから,「たのむから,,
STR_24_26E, チクらないて゛くれ、, チクらないて゛くれ、,,
STR_24_283, メールアト゛レスを\, メールアト゛レスを\,,
STR_24_294, あけ゛るからさ」, あけ゛るからさ」,,
STR_24_2BC,[name]は\,[name]は\,,
STR_24_2C5,ムホウモノのチクリと\,ムホウモノのチクリと\,,
STR_24_2DA,メールアト゛レスを\,メールアト゛レスを\,,
STR_24_2EA,こうかんした,こうかんした,,
STR_24_30F,チクリ\,チクリ\,,
STR_24_319,「いいし゛ょうほうか゛,「いいし゛ょうほうか゛,,
STR_24_32E, はいったら、\, はいったら、\,,
STR_24_33C, チクりメールた゛すよ」, チクりメールた゛すよ」,,
STR_24_3DE,チクリ\,チクリ\,,
STR_24_3E8,「おれに まけたら、,「おれに まけたら、,,
STR_24_3FC, みんなに\, みんなに\,,
STR_24_408, チクってやるそ゛」, チクってやるそ゛」,,
STR_24_48F,チクリ\,チクリ\,,
STR_24_499,「これし゛ゃあ,「これし゛ゃあ,,
STR_24_4A6, , ,,
STR_24_4B1, た゛れかにチクることも, た゛れかにチクることも,,
STR_24_4C3, て゛きねーや」, て゛きねーや」,,
STR_24_561,ノンチ\,ノンチ\,,
STR_24_56B,「わたし、こうみえても,「わたし、こうみえても,,
STR_24_580, おんななのよーん」, おんななのよーん」,,
STR_24_607,ノンチ\,ノンチ\,,
STR_24_611,「いやーん,「いやーん,,
STR_24_620, おんなのこを\, おんなのこを\,,
STR_24_62E, いし゛めるなんて, いし゛めるなんて,,
STR_24_641, ひと゛いひと!, ひと゛いひと!,,
STR_24_653, て゛もそんなところか゛, て゛もそんなところか゛,,
STR_24_665, みりょくてき!, みりょくてき!,,
STR_24_677, メールアト゛レス\, メールアト゛レス\,,
STR_24_687, こうかんしちゃおう」, こうかんしちゃおう」,,
STR_24_6B1,[name]は\,[name]は\,,
STR_24_6BA,ムホウモノの,ムホウモノの,,
STR_24_6CA,ネットオカマのノンチと\,ネットオカマのノンチと\,,
STR_24_6DC,メールアト゛レスを こうかんした,メールアト゛レスを こうかんした,,
STR_24_70B,ノンチ\,ノンチ\,,
STR_24_715,「いいし゛ょうほうか゛,「いいし゛ょうほうか゛,,
STR_24_72A, はいったら、, はいったら、,,
STR_24_73B, すく゛に\, すく゛に\,,
STR_24_747, おしえるわーん」, おしえるわーん」,,
STR_24_7E6,ノンチ\,ノンチ\,,
STR_24_7F0,「わたし、こうみえても,「わたし、こうみえても,,
STR_24_805, おんななのよーん」, おんななのよーん」,,
STR_24_88C,ノンチ\,ノンチ\,,
STR_24_896,「いやーん,「いやーん,,
STR_24_8A5, おんなのこを\, おんなのこを\,,
STR_24_8B3, いし゛めるなんて, いし゛めるなんて,,
STR_24_8C6, ひと゛いひと!」, ひと゛いひと!」,,
,,,,
STR_25_87,つりひ゛と\,つりひ゛と\,(Sea Safari Area),
STR_25_93,「おっ、しんか゛おた゛な,「おっ、しんか゛おた゛な,,
STR_25_A9, おれとメールて゛も\, おれとメールて゛も\,,
STR_25_BA, しないかい?」\, しないかい?」\,,
STR_25_E2,[name]は\,[name]は\,,
STR_25_EB,シーラント゛のつりひ゛とと,シーラント゛のつりひ゛とと,,
STR_25_102,メールアト゛レスを\,メールアト゛レスを\,,
STR_25_112,こうかんした,こうかんした,,
STR_25_137,つりひ゛と\,つりひ゛と\,,
STR_25_143,「いいのか゛つれたら,「いいのか゛つれたら,,
STR_25_157, メールするよ」, メールするよ」,,
STR_25_17F,つりひ゛と\,つりひ゛と\,,
STR_25_18B,「おっ、きたね,「おっ、きたね,,
STR_25_19C, これか゛\, これか゛\,,
STR_25_1A8, メールて゛いった, メールて゛いった,,
STR_25_1BB, ハ゛ク゛さ。\, ハ゛ク゛さ。\,,
STR_25_1C9, ほらよ」, ほらよ」,,
STR_25_1ED,[name]は\,[name]は\,,
STR_25_1F6,つりひ゛とから,つりひ゛とから,,
STR_25_218,を\,を\,,
STR_25_220,ゆす゛りうけた!,ゆす゛りうけた!,,
STR_25_25F,サーハ゛ーか゛いっは゜いなのて゛\,サーハ゛ーか゛いっは゜いなのて゛\,,
STR_25_27A, をあきらめた!, をあきらめた!,,
STR_25_2A3,てもちか゛いっは゜いなのて゛\サーハ゛ーにおくられました!,てもちか゛いっは゜いなのて゛\サーハ゛ーにおくられました!,,
STR_25_2F8,つりひ゛と\,つりひ゛と\,,
STR_25_304,「たいせつにそた゛てろよ」,「たいせつにそた゛てろよ」,,
STR_25_331,つりひ゛と\,つりひ゛と\,,
STR_25_33D,「おっ、しんか゛おた゛な,「おっ、しんか゛おた゛な,,
STR_25_353, ここには\, ここには\,,
STR_25_35F, スティンク゛メーカーの, スティンク゛メーカーの,,
STR_25_375, ハ゛ク゛か゛\, ハ゛ク゛か゛\,,
STR_25_383, たくさんいるから, たくさんいるから,,
STR_25_396, か゛んは゛って\, か゛んは゛って\,,
STR_25_3A5, みつけろよ」, みつけろよ」,,
STR_25_3CC,つりひ゛と\,つりひ゛と\,,
STR_25_3D8,「いいのか゛つれたら,「いいのか゛つれたら,,
STR_25_3EC, メールするよ」, メールするよ」,,
,,,,
STR_26_4E,「おう、\,「おう、\,(Sea Techno Area),
STR_26_59, いらっしゃい!, いらっしゃい!,,
STR_26_6B, これ、うちの\, これ、うちの\,,
STR_26_79, メールアト゛レスた゛, メールアト゛レスた゛,,
STR_26_8E, いいもん あったら\, いいもん あったら\,,
STR_26_9F, メールするよ」, メールするよ」,,
STR_26_C6,[name]は\,[name]は\,,
STR_26_CF,メールアト゛レスを,メールアト゛レスを,,
STR_26_E2,こうかんした,こうかんした,,
STR_26_108,「18さいみまんおことわり」\,「18さいみまんおことわり」\,,
STR_26_11D,と、かいてある。,と、かいてある。,,
STR_26_12F,このみせは おとなしか\,このみせは おとなしか\,,
STR_26_141,はいれないようた゛,はいれないようた゛,,
,,,,
STR_28_3B,「よく ここまて゛\,「よく ここまて゛\,(Follow Riethren(?) into Dragon Palace),
STR_28_4B, オレの あとを, オレの あとを,,
STR_28_5D, つけてきたな, つけてきたな,,
STR_28_6E, おまえか゛\, おまえか゛\,,
STR_28_7B, ウェルテ゛ハイト゛の, ウェルテ゛ハイト゛の,,
STR_28_90, まわしものた゛って\, まわしものた゛って\,,
STR_28_A1, ことは、, ことは、,,
STR_28_B0, とっくに\, とっくに\,,
STR_28_BC, おみとおしさ!, おみとおしさ!,,
STR_28_CE, おまえのような\, おまえのような\,,
STR_28_DD, やつか゛, やつか゛,,
STR_28_EC, せかいをメチャメチャに\, せかいをメチャメチャに\,,
STR_28_FF, するんた゛!, するんた゛!,,
STR_28_110, いくそ゛!!」, いくそ゛!!」,,
STR_28_195,「いいかけ゛ん\,「いいかけ゛ん\,,
STR_28_1A3, しょうたいをあかせ!」, しょうたいをあかせ!」,,
STR_28_1CE,[name]は\,[name]は\,,
STR_28_1D7,モハ゛イルをみせて,モハ゛イルをみせて,,
STR_28_1EA,し゛ふ゛んか゛カ゛ーテ゛ィアン\,し゛ふ゛んか゛カ゛ーテ゛ィアン\,,
STR_28_200,て゛あると せつめいした,て゛あると せつめいした,,
STR_28_22B,「?!,「?!,,
STR_28_238, なーんた゛, なーんた゛,,
STR_28_248, おまえ、\, おまえ、\,,
STR_28_254, カ゛ーテ゛ィアンなんた゛, カ゛ーテ゛ィアンなんた゛,,
STR_28_26B, オレと\, オレと\,,
STR_28_276, いっしょし゛ゃん」, いっしょし゛ゃん」,,
STR_28_2C6,リースレン\,リースレン\,,
STR_28_2D2,「オレはリースレン,「オレはリースレン,,
STR_28_2E5, おまえと おなし゛\, おまえと おなし゛\,,
STR_28_2F6, カ゛ーテ゛ィアンに, カ゛ーテ゛ィアンに,,
STR_28_30A, しょそ゛くしている\, しょそ゛くしている\,,
STR_28_31B, Bきゅうハッカーさ!, Bきゅうハッカーさ!,,
STR_28_330, ほんふ゛から\, ほんふ゛から\,,
STR_28_33E, れんらくを うけて、, れんらくを うけて、,,
STR_28_353, シーラント゛を\, シーラント゛を\,,
STR_28_362, ちょうさしに きたんた゛, ちょうさしに きたんた゛,,
STR_28_379, アミラント゛の\, アミラント゛の\,,
STR_28_388, し゛けんを, し゛けんを,,
STR_28_398, ひとりて゛\, ひとりて゛\,,
STR_28_3A5, かいけつしたっていう, かいけつしたっていう,,
STR_28_3BA, ルーキーか゛いるって\, ルーキーか゛いるって\,,
STR_28_3CC, きいたけと゛, きいたけと゛,,
STR_28_3DD, まさか、おまえのこと\, まさか、おまえのこと\,,
STR_28_3EF, た゛ったとはなァ・・・, た゛ったとはなァ・・・,,
STR_28_405, そんな ヤツに\, そんな ヤツに\,,
STR_28_414, こんなところて゛, こんなところて゛,,
STR_28_427, あえるとは、\, あえるとは、\,,
STR_28_435, こうえいた゛な!, こうえいた゛な!,,
STR_28_448, て゛も\, て゛も\,,
STR_28_453, おれたちは, おれたちは,,
STR_28_463, ライハ゛ルと゛うし\, ライハ゛ルと゛うし\,,
STR_28_474, た゛からな!, た゛からな!,,
STR_28_485, また゛ハッカーとしても, また゛ハッカーとしても,,
STR_28_497, はんにんまえ た゛しな, はんにんまえ た゛しな,,
STR_28_4AD, はやく\, はやく\,,
STR_28_4B8, ランクを あけ゛て、, ランクを あけ゛て、,,
STR_28_4CD, もっと せいのうのいい, もっと せいのうのいい,,
STR_28_4DF, チッフ゜を てにいれて、, チッフ゜を てにいれて、,,
STR_28_4F6, ハ゛リハ゛リ\, ハ゛リハ゛リ\,,
STR_28_504, かつやく するように, かつやく するように,,
STR_28_519, か゛んは゛ろうせ゛!, か゛んは゛ろうせ゛!,,
STR_28_52E, これから、\, これから、\,,
STR_28_53B, おれたちは, おれたちは,,
STR_28_54B, へ゛つこうと゛うた゛。, へ゛つこうと゛うた゛。,,
STR_28_561, といっても\, といっても\,,
STR_28_56E, ルーキーの おまえには, ルーキーの おまえには,,
STR_28_584, すこし\, すこし\,,
STR_28_58F, にか゛おもいた゛ろ, にか゛おもいた゛ろ,,
STR_28_5A3, オレか゛てにいれた\, オレか゛てにいれた\,,
STR_28_5B4, し゛ょうほうを, し゛ょうほうを,,
STR_28_5C6, おしえてやるよ」, おしえてやるよ」,,
STR_28_5EE,[name]は\,[name]は\,,
STR_28_5F7,シーラント゛と,シーラント゛と,,
STR_28_608,シーテクノエリア、\,シーテクノエリア、\,,
STR_28_618,シーサファリエリアの,シーサファリエリアの,,
STR_28_62C,ハ゜スワート゛をてにいれた!,ハ゜スワート゛をてにいれた!,,
STR_28_64B,これて゛シーラント゛ないは\,これて゛シーラント゛ないは\,,
STR_28_65F,と゛こて゛も いけるそ゛!,と゛こて゛も いけるそ゛!,,
STR_28_68B,リースレン\,リースレン\,,
STR_28_697,「いちと゛、,「いちと゛、,,
STR_28_6A7, シーリソ゛ートエリア\, シーリソ゛ートエリア\,,
STR_28_6B9, から いける, から いける,,
STR_28_6CA, サイトケ゛ートに\, サイトケ゛ートに\,,
STR_28_6DA, もと゛って、, もと゛って、,,
STR_28_6EB, シーラント゛に\, シーラント゛に\,,
STR_28_6FA, いってみな。, いってみな。,,
STR_28_70B, オレは シーラント゛の, オレは シーラント゛の,,
STR_28_71D, うえの ほうにある、, うえの ほうにある、,,
STR_28_732, かいていの\, かいていの\,,
STR_28_73F, いりく゛ちか゛, いりく゛ちか゛,,
STR_28_751, あやしいと\, あやしいと\,,
STR_28_75E, にらんて゛いるんた゛。, にらんて゛いるんた゛。,,
STR_28_774, それと、これか゛オレの, それと、これか゛オレの,,
STR_28_786, メールアト゛レスた゛」, メールアト゛レスた゛」,,
STR_28_7B1,[name]は\,[name]は\,,
STR_28_7BA,リースレンと,リースレンと,,
STR_28_7CA,メールアト゛レスを\,メールアト゛レスを\,,
STR_28_7DA,こうかんした,こうかんした,,
STR_28_7FF,リースレン\,リースレン\,,
STR_28_80B,「おたか゛い,「おたか゛い,,
STR_28_81B, カ゛ーテ゛ィアンの\, カ゛ーテ゛ィアンの\,,
STR_28_82C, いちいんとして, いちいんとして,,
STR_28_83E, か゛んは゛ろうせ゛」, か゛んは゛ろうせ゛」,,
STR_29_73,と゛こかて゛\,と゛こかて゛\,,
,,,,
STR_29_80,みす゛か゛ぬけるような,みす゛か゛ぬけるような,(Inside Dragon Palace),
STR_29_95,おとか゛きこえる・・・,おとか゛きこえる・・・,,
STR_29_C0,と゛こかて゛\,と゛こかて゛\,,
STR_29_CD,みす゛か゛なか゛れる,みす゛か゛なか゛れる,,
STR_29_E1,おとか゛きこえる・・・,おとか゛きこえる・・・,,
,,,,
STR_2A_AC,サハ゛ーカ\,サハ゛ーカ\,(Dragon Palace boss),
STR_2A_B8,「おもいしったか!,「おもいしったか!,,
STR_2A_CB, カ゛ーテ゛ィアンなんそ゛, カ゛ーテ゛ィアンなんそ゛,,
STR_2A_DE, こんなものさ」, こんなものさ」,,
STR_2A_105,リースレン\,リースレン\,,
STR_2A_111,「ク、クソッ!,「ク、クソッ!,,
STR_2A_122, サハ゛ーカめ!, サハ゛ーカめ!,,
STR_2A_134, こんな ところて゛\, こんな ところて゛\,,
STR_2A_145, このオレさまか゛, このオレさまか゛,,
STR_2A_158, やられるわけには\, やられるわけには\,,
STR_2A_168, いかないんた゛!」, いかないんた゛!」,,
STR_2A_1A0,リースレン\,リースレン\,,
STR_2A_1AC,「!!,「!!,,
STR_2A_1B9, [name]!, [name]!,,
STR_2A_1C6, たすけに\, たすけに\,,
STR_2A_1D2, きてくれたのか!」, きてくれたのか!」,,
STR_2A_1FB,サハ゛ーカ\,サハ゛ーカ\,,
STR_2A_207,「おまえも,「おまえも,,
STR_2A_216, カ゛ーテ゛ィアンの\, カ゛ーテ゛ィアンの\,,
STR_2A_227, なかまか!, なかまか!,,
STR_2A_237, オレさまは\, オレさまは\,,
STR_2A_244, ウェルテ゛ハイト゛の, ウェルテ゛ハイト゛の,,
STR_2A_259, かんふ゛\, かんふ゛\,,
STR_2A_265, サハ゛ーカさまた゛!, サハ゛ーカさまた゛!,,
STR_2A_27A, コイツひとりし゛ゃ\, コイツひとりし゛ゃ\,,
STR_2A_28B, ものたりない, ものたりない,,
STR_2A_29C, ところ\, ところ\,,
STR_2A_2A7, た゛ったんた゛, た゛ったんた゛,,
STR_2A_2B9, いっしょに\, いっしょに\,,
STR_2A_2C6, かたつ゛けてやる!」, かたつ゛けてやる!」,,
STR_2A_2F0,リースレン\,リースレン\,,
STR_2A_2FC,「ヤツは、,「ヤツは、,,
STR_2A_30B, スティンク゛メーカーの, スティンク゛メーカーの,,
STR_2A_31D, ハ゛ク゛を つかうそ゛!, ハ゛ク゛を つかうそ゛!,,
STR_2A_334, FEメーカーの\, FEメーカーの\,,
STR_2A_343, わさ゛をもつハ゛ク゛て゛, わさ゛をもつハ゛ク゛て゛,,
STR_2A_35A, ハ゜ーティーを\, ハ゜ーティーを\,,
STR_2A_369, くむんた゛!」, くむんた゛!」,,
STR_2A_39C,リースレン\,リースレン\,,
STR_2A_3A8,「ヤツは,「ヤツは,,
STR_2A_3B6, スティンク゛メーカーの, スティンク゛メーカーの,,
STR_2A_3C8, ハ゛ク゛を つかうそ゛!, ハ゛ク゛を つかうそ゛!,,
STR_2A_3DF, FEメーカーの\, FEメーカーの\,,
STR_2A_3EE, わさ゛をもつハ゛ク゛て゛, わさ゛をもつハ゛ク゛て゛,,
STR_2A_405, ハ゜ーティーを\, ハ゜ーティーを\,,
STR_2A_414, くむんた゛!」, くむんた゛!」,,
STR_2A_45F,サハ゛ーカ\,サハ゛ーカ\,,
STR_2A_46B,「オレさまは,「オレさまは,,
STR_2A_47B, ウェルテ゛ハイト゛の\, ウェルテ゛ハイト゛の\,,
STR_2A_48D, かんふ゛, かんふ゛,,
STR_2A_49C, サハ゛ーカさまた゛!, サハ゛ーカさまた゛!,,
STR_2A_4B1, コイツひとりし゛ゃ\, コイツひとりし゛ゃ\,,
STR_2A_4C2, ものたりない, ものたりない,,
STR_2A_4D3, ところ\, ところ\,,
STR_2A_4DE, た゛ったんた゛, た゛ったんた゛,,
STR_2A_4F0, いっしょに\, いっしょに\,,
STR_2A_4FD, かたつ゛けてやる!, かたつ゛けてやる!,,
STR_2A_511, かかってこい!!」, かかってこい!!」,,
STR_2A_5B2,サハ゛ーカ\,サハ゛ーカ\,,
STR_2A_5BE,「クックク・・・,「クックク・・・,,
STR_2A_5D0, オレさまの\, オレさまの\,,
STR_2A_5DD, まけた゛・・・。, まけた゛・・・。,,
STR_2A_5F0, そうか、\, そうか、\,,
STR_2A_5FC, アミラント゛の, アミラント゛の,,
STR_2A_60E, カミセンをたおしたのは, カミセンをたおしたのは,,
STR_2A_620, おまえた゛な?, おまえた゛な?,,
STR_2A_632, カ゛ーテ゛ィアンに\, カ゛ーテ゛ィアンに\,,
STR_2A_643, こんなやつか゛, こんなやつか゛,,
STR_2A_655, いたとはな・・・。, いたとはな・・・。,,
STR_2A_669, け゛んし゛つせかいの\, け゛んし゛つせかいの\,,
STR_2A_67B, みなとを\, みなとを\,,
STR_2A_68B, こんらんさせることは\, こんらんさせることは\,,
STR_2A_69D, せいこうしたか゛, せいこうしたか゛,,
STR_2A_6B0, ツメか゛\, ツメか゛\,,
STR_2A_6BC, あまかったか・・・」, あまかったか・・・」,,
STR_2A_75C,[name]は\,[name]は\,,
STR_2A_765,サンコ゛のハント゛ルを,サンコ゛のハント゛ルを,,
STR_2A_77A,てにいれた,てにいれた,,
STR_2A_7A5,リースレン\,リースレン\,,
STR_2A_7B1,「そのハント゛ルて゛\,「そのハント゛ルて゛\,,
STR_2A_7C6, おくのハ゜イフ゜を\, おくのハ゜イフ゜を\,,
STR_2A_7D7, しめるんた゛!」, しめるんた゛!」,,
STR_2A_800,リースレン\,リースレン\,,
STR_2A_80C,「そのハント゛ルて゛\,「そのハント゛ルて゛\,,
STR_2A_821, おくのハ゜イフ゜を\, おくのハ゜イフ゜を\,,
STR_2A_832, しめるんた゛!」, しめるんた゛!」,,
STR_2A_862,ほ゛うか゛いて゛んは゜を\,ほ゛うか゛いて゛んは゜を\,,
STR_2A_875,なか゛していた,なか゛していた,,
STR_2A_886,コンヒ゜ューターは\,コンヒ゜ューターは\,,
STR_2A_896,ていしした。,ていしした。,,
STR_2A_8A6,これて゛ふ゛し゛にふねか゛\,これて゛ふ゛し゛にふねか゛\,,
STR_2A_8BA,うみを いききて゛きるようになる。,うみを いききて゛きるようになる。,,
STR_2A_8EA,リースレン\,リースレン\,,
STR_2A_8F6,「テヘヘ、,「テヘヘ、,,
STR_2A_905, かりか゛ひとつ\, かりか゛ひとつ\,,
STR_2A_914, て゛きちまったな, て゛きちまったな,,
STR_2A_927, そのうちにきっちり\, そのうちにきっちり\,,
STR_2A_938, かえすせ゛\, かえすせ゛\,,
STR_2A_949, なんてったって、\, なんてったって、\,,
STR_2A_959, オレは, オレは,,
STR_2A_967, はなの\, はなの\,,
STR_2A_972, えと゛っこた゛からな, えと゛っこた゛からな,,
STR_2A_987, さあ、\, さあ、\,,
STR_2A_992, け゛んし゛つせかいへ, け゛んし゛つせかいへ,,
STR_2A_9A7, もと゛ろうせ゛!」, もと゛ろうせ゛!」,,
,,,,
STR_2B_4E,リースレン\,リースレン\,(Return to real world),
STR_2B_5A,「それし゛ゃ、,「それし゛ゃ、,,
STR_2B_6B, オレは、\, オレは、\,,
STR_2B_77, ここて゛しつれいするよ, ここて゛しつれいするよ,,
STR_2B_8D, また、と゛こかて゛\, また、と゛こかて゛\,,
STR_2B_9E, あえるといいな」, あえるといいな」,,
STR_2B_C7,ユイ\,ユイ\,,
STR_2B_D0,「もうっ,「もうっ,,
STR_2B_DE, と゛こに\, と゛こに\,,
STR_2B_EA, いってたのよ?, いってたのよ?,,
STR_2B_FC, ホラ、みなとから\, ホラ、みなとから\,,
STR_2B_10C, ふねか゛て゛ていくわ, ふねか゛て゛ていくわ,,
STR_2B_121, カ゛ーテ゛ィアンか゛\, カ゛ーテ゛ィアンか゛\,,
STR_2B_133, し゛けんを, し゛けんを,,
STR_2B_143, かいけつしたのよ, かいけつしたのよ,,
STR_2B_156, これて゛\, これて゛\,,
STR_2B_162, みなともあんしんね, みなともあんしんね,,
STR_2B_176, さっすか゛\, さっすか゛\,,
STR_2B_183, カ゛ーテ゛ィアンね!, カ゛ーテ゛ィアンね!,,
STR_2B_198, さあ、おうちに\, さあ、おうちに\,,
STR_2B_1A7, かえろう!」, かえろう!」,,
STR_2B_2C4,こうして、\,こうして、\,,
STR_2B_2D0,た゛い2のし゛けんも,た゛い2のし゛けんも,,
STR_2B_2E4,[name]の\,[name]の\,,
STR_2B_2ED,かつやくによって、,かつやくによって、,,
STR_2B_300,ふ゛し゛かいけつした,ふ゛し゛かいけつした,(End of Sealand arc),
,,,,
STR_2C_87,ははおや\,ははおや\,(Wake up),
STR_2C_92,「あさよ、\,「あさよ、\,,
STR_2C_A2, [name]、\, [name]、\,,
STR_2C_AC, おきなさい!」, おきなさい!」,,
STR_2C_D6,ははおや\,ははおや\,,
STR_2C_E1,「おはよう!,「おはよう!,,
STR_2C_F1, さいきん、いっしょに\, さいきん、いっしょに\,,
STR_2C_103, あそんて゛ても, あそんて゛ても,,
STR_2C_115, いつのまにか\, いつのまにか\,,
STR_2C_123, と゛こかにきえちゃう, と゛こかにきえちゃう,,
STR_2C_138, って、ユイちゃんか゛\, って、ユイちゃんか゛\,,
STR_2C_14A, さひ゛しか゛ってたわよ」, さひ゛しか゛ってたわよ」,,
STR_2C_177,ははおや\,ははおや\,,
STR_2C_182,「あっ、そうそう,「あっ、そうそう,,
STR_2C_194, おとうさんから\, おとうさんから\,,
STR_2C_1A3, メールをた゛したって, メールをた゛したって,,
STR_2C_1B8, れんらくか゛\, れんらくか゛\,,
STR_2C_1C6, あったわよ」, あったわよ」,,
STR_2C_202,ちちおやからの\,ちちおやからの\,,
STR_2C_210,メールをし゛ゅしんしました。,メールをし゛ゅしんしました。,,
STR_2C_23D,ちちおや\,ちちおや\,,
STR_2C_248,「[name],「[name],,
STR_2C_254, カ゛ーテ゛ィアンの\, カ゛ーテ゛ィアンの\,,
STR_2C_265, にんむを, にんむを,,
STR_2C_274, か゛んは゛っている\, か゛んは゛っている\,,
STR_2C_285, ようた゛な, ようた゛な,,
STR_2C_295, か゛っこうのほうも\, か゛っこうのほうも\,,
STR_2C_2A6, か゛んは゛ってくれよ, か゛んは゛ってくれよ,,
STR_2C_2BB, ところて゛・・・」, ところて゛・・・」,,
STR_2C_2F2,ははおや\,ははおや\,,
STR_2C_2FD,「あれ?,「あれ?,,
STR_2C_30B, やっは゜り\, やっは゜り\,,
STR_2C_318, おかしいの?, おかしいの?,,
STR_2C_329, そうなのよ、きのうから, そうなのよ、きのうから,,
STR_2C_33B, テレヒ゛や, テレヒ゛や,,
STR_2C_34B, けいたいて゛んわの, けいたいて゛んわの,,
STR_2C_35F, ちょうしか゛\, ちょうしか゛\,,
STR_2C_36D, おかしいの。, おかしいの。,,
STR_2C_37E, [name]\, [name]\,,
STR_2C_387, わるいけと゛\, わるいけと゛\,,
STR_2C_399, ほうそうセンターに\, ほうそうセンターに\,,
STR_2C_3AA, いって、し゛し゛ょうを, いって、し゛し゛ょうを,,
STR_2C_3C0, きいてきて\, きいてきて\,,
STR_2C_3CD, くれないかしら?, くれないかしら?,,
STR_2C_3E0, ほうそうセンターは\, ほうそうセンターは\,,
STR_2C_3F1, まちはす゛れの, まちはす゛れの,,
STR_2C_403, きたやまの\, きたやまの\,,
STR_2C_410, ふもとにあるわ」, ふもとにあるわ」,,
,,,,
STR_2D_74,ユイ\,ユイ\,(Exit house),
STR_2D_7D,「あっ,「あっ,,
STR_2D_8A, [name]くん\, [name]くん\,,
STR_2D_95, ちょーと゛よかったわ, ちょーと゛よかったわ,,
STR_2D_AA, いま、\, いま、\,,
STR_2D_B5, ほうそうセンターにいる, ほうそうセンターにいる,,
STR_2D_CB, ハ゜ハ゜の\, ハ゜ハ゜の\,,
STR_2D_D8, ところに, ところに,,
STR_2D_E7, おへ゛んとうを\, おへ゛んとうを\,,
STR_2D_F6, とと゛けようと, とと゛けようと,,
STR_2D_108, おもったんた゛けと゛\, おもったんた゛けと゛\,,
STR_2D_11A, きゅうようか゛, きゅうようか゛,,
STR_2D_12C, て゛きちゃって\, て゛きちゃって\,,
STR_2D_13B, いけないの, いけないの,,
STR_2D_14B, わたしのかわりに\, わたしのかわりに\,,
STR_2D_15B, おへ゛んとうを, おへ゛んとうを,,
STR_2D_16D, とと゛けてくれる?」, とと゛けてくれる?」,,
STR_2D_1F6,ユイ\,ユイ\,,
STR_2D_1FF,「わあ、うれしい,「わあ、うれしい,,
STR_2D_211, なにかあったら\, なにかあったら\,,
STR_2D_220, メールするね」, メールするね」,,
STR_2D_248,ユイ\,ユイ\,,
STR_2D_251,「わあ、うれしい,「わあ、うれしい,,
STR_2D_263, なにかあったら\, なにかあったら\,,
STR_2D_272, メールするね」, メールするね」,,
STR_2D_2A5,ユイ\,ユイ\,,
STR_2D_2AE,「ええー、ケチー!!,「ええー、ケチー!!,,
STR_2D_2C2, そんなこと\, そんなこと\,,
STR_2D_2CF, いわないて゛, いわないて゛,,
STR_2D_2E0, いっしょうの\, いっしょうの\,,
STR_2D_2EE, おねか゛いた゛から, おねか゛いた゛から,,
STR_2D_302, おねか゛い。\, おねか゛い。\,,
STR_2D_310, おへ゛んとうを, おへ゛んとうを,,
STR_2D_322, とと゛けて」\, とと゛けて」\,,
,,,,
STR_2E_4E,ユイのハ゜ハ゜\,ユイのハ゜ハ゜\,(Broadcast Center),
STR_2E_5C,「あれっ,「あれっ,,
STR_2E_6A, [name]くん\, [name]くん\,,
STR_2E_75, し゛ゃないか?, し゛ゃないか?,,
STR_2E_87, ユイとは\, ユイとは\,,
STR_2E_93, いつもなかよく, いつもなかよく,,
STR_2E_A5, してくれてありか゛とう, してくれてありか゛とう,,
STR_2E_B7, , ,,
STR_2E_C2, いやあ、\, いやあ、\,,
STR_2E_CE, とつせ゛んアンテナに, とつせ゛んアンテナに,,
STR_2E_E3, ほ゛うか゛い\, ほ゛うか゛い\,,
STR_2E_F1, て゛んは゜か゛, て゛んは゜か゛,,
STR_2E_103, はいってきてね、\, はいってきてね、\,,
STR_2E_113, かいせんか゛, かいせんか゛,,
STR_2E_120, , ,,
STR_2E_12B, きれてしまったんた゛\, きれてしまったんた゛\,,
STR_2E_13D, こまったこまった, こまったこまった,,
STR_2E_14C, , ,,
STR_2E_157, ン?\, ン?\,,
STR_2E_161, いいにおいか゛するね, いいにおいか゛するね,,
STR_2E_176, もしかして、\, もしかして、\,,
STR_2E_184, おへ゛んとうを, おへ゛んとうを,,
STR_2E_196, もってきて\, もってきて\,,
STR_2E_1A3, くれたのかい?」, くれたのかい?」,,
STR_2E_1CB,[name]は\,[name]は\,,
STR_2E_1D4,ユイのハ゜ハ゜に,ユイのハ゜ハ゜に,,
STR_2E_1E6,おへ゛んとうをわたした,おへ゛んとうをわたした,,
STR_2E_210,ユイのハ゜ハ゜\,ユイのハ゜ハ゜\,,
STR_2E_21E,「ありか゛とう、,「ありか゛とう、,,
STR_2E_230, あさから、はらへ゜コ\, あさから、はらへ゜コ\,,
STR_2E_242, た゛ったんた゛, た゛ったんた゛,,
STR_2E_254, たすかったよ。, たすかったよ。,,
STR_2E_266, ん?\, ん?\,,
STR_2E_270, ほうそうセンターかい?, ほうそうセンターかい?,,
STR_2E_286, ひた゛りにある\, ひた゛りにある\,,
STR_2E_295, わきみちから いけるよ, わきみちから いけるよ,,
STR_2E_2AB, て゛も あふ゛ないから\, て゛も あふ゛ないから\,,
STR_2E_2BE, はいらないようにね」, はいらないようにね」,,
STR_2E_2F2,カキ゛か゛しまっていて\,カキ゛か゛しまっていて\,,
STR_2E_304,なかに はいれない。,なかに はいれない。,,
,,,,
STR_36_9A,ワッハッハ\,ワッハッハ\,(Airland Site Gate),
STR_36_A6,「もしかして,「もしかして,,
STR_36_B6, きみか゛\, きみか゛\,,
STR_36_C2, カ゛ーテ゛ィアンから, カ゛ーテ゛ィアンから,,
STR_36_D7, はけんされた\, はけんされた\,,
STR_36_E5, ハッカーか?, ハッカーか?,,
STR_36_F6, なんし゛ゃ\, なんし゛ゃ\,,
STR_36_103, こと゛もし゛ゃな, こと゛もし゛ゃな,,
STR_36_116, [name]くん\, [name]くん\,,
STR_36_121, というのか。, というのか。,,
STR_36_132, ま、いいわ\, ま、いいわ\,,
STR_36_13F, ワシは、エアラント゛の, ワシは、エアラント゛の,,
STR_36_155, そうせつしゃて゛\, そうせつしゃて゛\,,
STR_36_165, ルカ゛ーのオーナーの, ルカ゛ーのオーナーの,,
STR_36_17A, ワッハッハし゛ゃ, ワッハッハし゛ゃ,,
STR_36_18D, ちょっと、\, ちょっと、\,,
STR_36_19A, ほかのラント゛へ, ほかのラント゛へ,,
STR_36_1AD, あそひ゛に\, あそひ゛に\,,
STR_36_1BA, いってたすきに, いってたすきに,,
STR_36_1CC, なにものかか゛\, なにものかか゛\,,
STR_36_1DB, ルカ゛ーほんふ゛に, ルカ゛ーほんふ゛に,,
STR_36_1EF, しのひ゛こんて゛\, しのひ゛こんて゛\,,
STR_36_1FF, そとからのアクセスか゛, そとからのアクセスか゛,,
STR_36_215, て゛きなくなって\, て゛きなくなって\,,
STR_36_225, しまったんし゛ゃ, しまったんし゛ゃ,,
STR_36_238, わしのふ゛かか゛\, わしのふ゛かか゛\,,
STR_36_248, ようすをみにいったん, ようすをみにいったん,,
STR_36_25D, し゛ゃか゛\, し゛ゃか゛\,,
STR_36_26A, いつまて゛たっても, いつまて゛たっても,,
STR_36_27E, もと゛ってこない, もと゛ってこない,,
STR_36_291, こまってしまって、\, こまってしまって、\,,
STR_36_2A2, カ゛ーテ゛ィアンに, カ゛ーテ゛ィアンに,,
STR_36_2B6, れんらくしたという\, れんらくしたという\,,
STR_36_2C7, わけし゛ゃ, わけし゛ゃ,,
STR_36_2D7, このとひ゛らから\, このとひ゛らから\,,
STR_36_2E7, ルカ゛ーほんふ゛のある, ルカ゛ーほんふ゛のある,,
STR_36_2FD, エアラント゛へ\, エアラント゛へ\,,
STR_36_30C, いけるはす゛し゛ゃ, いけるはす゛し゛ゃ,,
STR_36_320, しかし、\, しかし、\,,
STR_36_32C, きをつけたほうか゛, きをつけたほうか゛,,
STR_36_340, いいそ゛おそらく、\, いいそ゛おそらく、\,,
STR_36_351, あふ゛ないやつらか゛, あふ゛ないやつらか゛,,
STR_36_366, ウロチョロ\, ウロチョロ\,,
STR_36_373, しているからな, しているからな,,
STR_36_39A,[name]は\,[name]は\,,
STR_36_3A3,エアラント゛の,エアラント゛の,,
STR_36_3B4,ハ゜スワート゛を\,ハ゜スワート゛を\,,
STR_36_3C3,てにいれた,てにいれた,,
STR_36_3EE,ワッハッハ\,ワッハッハ\,,
STR_36_3FA,「いいわすれたか゛,「いいわすれたか゛,,
STR_36_40D, ルカ゛ーほんふ゛の\, ルカ゛ーほんふ゛の\,,
STR_36_41E, なかにある, なかにある,,
STR_36_42E, ワシのへやの\, ワシのへやの\,,
STR_36_43C, コンヒ゜ューターに, コンヒ゜ューターに,,
STR_36_450, エアラント゛の\, エアラント゛の\,,
STR_36_45F, テクノエリアと, テクノエリアと,,
STR_36_471, サファリエリアへ\, サファリエリアへ\,,
STR_36_481, いくための, いくための,,
STR_36_491, ハ゜スワート゛か゛\, ハ゜スワート゛か゛\,,
STR_36_4A2, はいっている。, はいっている。,,
STR_36_4B4, このまえまて゛は\, このまえまて゛は\,,
STR_36_4C4, おほ゛えておったか゛, おほ゛えておったか゛,,
STR_36_4D9, としのせいか\, としのせいか\,,
STR_36_4E7, ものわすれか゛, ものわすれか゛,,
STR_36_4F9, ひと゛くてのォ・・・。, ひと゛くてのォ・・・。,,
STR_36_50F, マ、なにかあったら、\, マ、なにかあったら、\,,
STR_36_521, メールをすることに, メールをすることに,,
STR_36_535, しよう, しよう,,
STR_36_558,[name]は,[name]は,,
STR_36_560,ワッハッハと,ワッハッハと,,
STR_36_570,メールアト゛レスを\,メールアト゛レスを\,,
STR_36_580,こうかんした,こうかんした,,
STR_36_5A5,ワッハッハ\,ワッハッハ\,,
STR_36_5B1,「それし゛ゃ,「それし゛ゃ,,
STR_36_5C1, たのんた゛そ゛\, たのんた゛そ゛\,,
STR_36_5D0, [name]くん」, [name]くん」,,
STR_36_618,ワッハッハ\,ワッハッハ\,,
STR_36_624,「それし゛ゃ,「それし゛ゃ,,
STR_36_634, たのんた゛そ゛\, たのんた゛そ゛\,,
STR_36_643, [name]くん」, [name]くん」,,
STR_36_673,このさきは\,このさきは\,,
STR_36_67F,エアテクノエリアへの,エアテクノエリアへの,,
STR_36_693,ケ゛ートになります。,ケ゛ートになります。,,
STR_36_6CA,エアテクノエリアへの\,エアテクノエリアへの\,,
STR_36_6DB,ケ゛ートて゛す。,ケ゛ートて゛す。,,
STR_36_6ED,このケ゛ートを ひらくための\,このケ゛ートを ひらくための\,,
STR_36_702,ハ゜スワート゛か゛ありません。,ハ゜スワート゛か゛ありません。,,
STR_36_733,エアテクノエリアへの\,エアテクノエリアへの\,,
STR_36_744,ケ゛ートて゛す。,ケ゛ートて゛す。,,
STR_36_756,ハ゜スワート゛を\,ハ゜スワート゛を\,,
STR_36_765,にゅうりょくしてくた゛さい,にゅうりょくしてくた゛さい,,
STR_36_80B,ハ゜スワート゛か゛ちか゛います。,ハ゜スワート゛か゛ちか゛います。,,
STR_36_846,このさきは\,このさきは\,,
STR_36_852,エアサファリエリアへの,エアサファリエリアへの,,
STR_36_867,ケ゛ートになります。,ケ゛ートになります。,,
STR_36_89E,エアサファリエリアへの\,エアサファリエリアへの\,,
STR_36_8B0,ケ゛ートて゛す。,ケ゛ートて゛す。,,
STR_36_8C2,このケ゛ートを ひらくための\,このケ゛ートを ひらくための\,,
STR_36_8D7,ハ゜スワート゛か゛ありません。,ハ゜スワート゛か゛ありません。,,
STR_36_908,エアサファリエリアへの\,エアサファリエリアへの\,,
STR_36_91A,ケ゛ートて゛す。,ケ゛ートて゛す。,,
STR_36_92C,ハ゜スワート゛を\,ハ゜スワート゛を\,,
STR_36_93B,にゅうりょくしてくた゛さい,にゅうりょくしてくた゛さい,,
STR_36_9E1,ハ゜スワート゛か゛ちか゛います。,ハ゜スワート゛か゛ちか゛います。,,
STR_36_A1C,エアラント゛への\,エアラント゛への\,,
STR_36_A2B,ケ゛ートて゛す。,ケ゛ートて゛す。,,
STR_36_A3D,このケ゛ートを ひらくための\,このケ゛ートを ひらくための\,,
STR_36_A52,ハ゜スワート゛か゛ありません。,ハ゜スワート゛か゛ありません。,,
STR_36_A8E,エアラント゛への\,エアラント゛への\,,
STR_36_A9D,ケ゛ートて゛す。,ケ゛ートて゛す。,,
STR_36_AAF,ハ゜スワート゛を\,ハ゜スワート゛を\,,
STR_36_ABE,にゅうりょくしてくた゛さい,にゅうりょくしてくた゛さい,,
STR_36_B64,ハ゜スワート゛か゛ちか゛います。,ハ゜スワート゛か゛ちか゛います。,,
STR_36_B96,このさきは\,このさきは\,,
STR_36_BA2,エアラント゛への,エアラント゛への,,
STR_36_BB4,ケ゛ートになります。,ケ゛ートになります。,,
STR_36_BDE,ハ゜スワート゛を\,ハ゜スワート゛を\,,
STR_36_BED,かくにんしました。,かくにんしました。,,
STR_36_C00,と゛うそ゛\,と゛うそ゛\,,
STR_36_C0C,おとおりくた゛さい。,おとおりくた゛さい。,,
,,,,
STR_38_3B,「18さいみまんおことわり」\,「18さいみまんおことわり」\,,
STR_38_50,と、かいてある。,と、かいてある。,,
STR_38_62,このみせは おとなしか\,このみせは おとなしか\,,
STR_38_74,はいれないようた゛,はいれないようた゛,,
,,,,
STR_3B_BF,シーテクノエリアのハ゛ク゛やから\,シーテクノエリアのハ゛ク゛やから\,,
STR_3B_D6,メールをし゛ゅしんしました。,メールをし゛ゅしんしました。,,
STR_3B_103,「しんせんなハ゛ク゛か゛,「しんせんなハ゛ク゛か゛,,
STR_3B_115, はいったよ, はいったよ,,
STR_3B_125, みにきな」\, みにきな」\,,
STR_3B_14C,サオリン\,サオリン\,,
STR_3B_157,「あたしのハ゛ク゛か゛,「あたしのハ゛ク゛か゛,,
STR_3B_16C, いちは゛ん、つよいの!, いちは゛ん、つよいの!,,
STR_3B_1F5,サオリン\,サオリン\,,
STR_3B_200,「エーンエーン,「エーンエーン,,
STR_3B_211, おにーちゃんか゛\, おにーちゃんか゛\,,
STR_3B_221, なかした・・・, なかした・・・,,
STR_3B_233, メールしてくれたら\, メールしてくれたら\,,
STR_3B_244, ゆるしてあけ゛る, ゆるしてあけ゛る,,
STR_3B_26C,[name]は\,[name]は\,,
STR_3B_275,なきむしムホウモノ,なきむしムホウモノ,,
STR_3B_288,サオリンと\,サオリンと\,,
STR_3B_294,メールアト゛レスを,メールアト゛レスを,,
STR_3B_2A7,こうかんした,こうかんした,,
STR_3B_2CC,サオリン\,サオリン\,,
STR_3B_2D7,「またあそんて゛ね」,「またあそんて゛ね」,,
STR_3B_377,サオリン\,サオリン\,,
STR_3B_382,「あたしのハ゛ク゛か゛,「あたしのハ゛ク゛か゛,,
STR_3B_397, いちは゛ん、つよいの!, いちは゛ん、つよいの!,,
STR_3B_420,サオリン\,サオリン\,,
STR_3B_42B,「エーンエーン,「エーンエーン,,
STR_3B_43C, おにーちゃんか゛\, おにーちゃんか゛\,,
STR_3B_44C, なかした・・・」, なかした・・・」,,
STR_3B_4EB,アーチャン\,アーチャン\,,
STR_3B_4F7,「おまえか、しんいりて゛,「おまえか、しんいりて゛,,
STR_3B_50D, フ゛イフ゛イいわせてる, フ゛イフ゛イいわせてる,,
STR_3B_51F, ってやつは?, ってやつは?,,
STR_3B_530, よーし、いっちょ\, よーし、いっちょ\,,
STR_3B_540, とっちめてやるか, とっちめてやるか,,
STR_3B_553, かかってきなッ」, かかってきなッ」,,
STR_3B_5D9,アーチャン\,アーチャン\,,
STR_3B_5E5,「わかいのに,「わかいのに,,
STR_3B_5F5, たいしたもんた゛, たいしたもんた゛,,
STR_3B_608, て゛もまた゛ハ゛ク゛の, て゛もまた゛ハ゛ク゛の,,
STR_3B_61A, つかいかたか゛あまいな, つかいかたか゛あまいな,,
STR_3B_630, よし、あたいか゛\, よし、あたいか゛\,,
STR_3B_640, おしえてやろう\, おしえてやろう\,,
STR_3B_653, メールて゛な」, メールて゛な」,,
STR_3B_67A,[name]は\,[name]は\,,
STR_3B_683,スケハ゛ンムホウモノ,スケハ゛ンムホウモノ,,
STR_3B_697,アーチャンと\,アーチャンと\,,
STR_3B_6A4,メールアト゛レスを,メールアト゛レスを,,
STR_3B_6B7,こうかんした,こうかんした,,
STR_3B_6DC,アーチャン\,アーチャン\,,
STR_3B_6E8,「みっちり,「みっちり,,
STR_3B_6F7, きたえてやるからな」, きたえてやるからな」,,
STR_3B_798,アーチャン\,アーチャン\,,
STR_3B_7A4,「おまえか、しんいりて゛,「おまえか、しんいりて゛,,
STR_3B_7BA, フ゛イフ゛イいわせてる, フ゛イフ゛イいわせてる,,
STR_3B_7CC, ってやつは?, ってやつは?,,
STR_3B_7DD, よーし、いっちょ\, よーし、いっちょ\,,
STR_3B_7ED, とっいちめてやるか, とっいちめてやるか,,
STR_3B_801, かかってきなッ」, かかってきなッ」,,
STR_3B_887,アーチャン\,アーチャン\,,
STR_3B_893,「わかいのに,「わかいのに,,
STR_3B_8A3, たいしたもんた゛」, たいしたもんた゛」,,
STR_3B_943,「あんた\,「あんた\,,
STR_3B_94E, カ゛ーテ゛ィアンかい?, カ゛ーテ゛ィアンかい?,,
STR_3B_964, これを\, これを\,,
STR_3B_96F, つかってくれよ」, つかってくれよ」,,
STR_3B_997,[name]は\,[name]は\,,
STR_3B_9A0,スーハ゜ーリヘ゜アを もらった。,スーハ゜ーリヘ゜アを もらった。,,
,,,,
STR_3C_60,ワッハッハのハ゜ソコンから\,ワッハッハのハ゜ソコンから\,,
STR_3C_74,エアテクノエリアと,エアテクノエリアと,,
STR_3C_87,エアサファリエリアの\,エアサファリエリアの\,,
STR_3C_98,ハ゜スワート゛を てにいれた!,ハ゜スワート゛を てにいれた!,,
STR_3C_B8,これて゛\,これて゛\,,
STR_3C_C3,エアラント゛ないは,エアラント゛ないは,,
STR_3C_D6,と゛こて゛も\,と゛こて゛も\,,
STR_3C_E3,いけるように なった,いけるように なった,,
,,,,
STR_3D_61,ロッシュ\,ロッシュ\,,
STR_3D_6C,「おれは,「おれは,,
STR_3D_7A, ウェルテ゛ハイト゛の\, ウェルテ゛ハイト゛の\,,
STR_3D_8C, かんふ゛, かんふ゛,,
STR_3D_9B, ロッシュさまた゛。, ロッシュさまた゛。,,
STR_3D_AF, おまえか゛\, おまえか゛\,,
STR_3D_BC, うわさの, うわさの,,
STR_3D_CB, カ゛ーテ゛ィアンの\, カ゛ーテ゛ィアンの\,,
STR_3D_DC, しんし゛んハッカーか, しんし゛んハッカーか,,
STR_3D_F1, アミラント゛の\, アミラント゛の\,,
STR_3D_100, カミセンや, カミセンや,,
STR_3D_110, シーラント゛の\, シーラント゛の\,,
STR_3D_11F, サハ゛ーカは, サハ゛ーカは,,
STR_3D_130, ゆた゛んして\, ゆた゛んして\,,
STR_3D_13E, まけたようた゛か゛, まけたようた゛か゛,,
STR_3D_152, オレさまは\, オレさまは\,,
STR_3D_15F, ゆた゛んしないそ゛!, ゆた゛んしないそ゛!,,
STR_3D_174, しょうふ゛た゛!」, しょうふ゛た゛!」,,
STR_3D_1FB,ロッシュ\,ロッシュ\,,
STR_3D_206,「チクショー,「チクショー,,
STR_3D_216, よくオレさまの\, よくオレさまの\,,
STR_3D_225, すは゛やいこうけ゛きを, すは゛やいこうけ゛きを,,
STR_3D_23B, しのけ゛たな, しのけ゛たな,,
STR_3D_24C, おまえは、\, おまえは、\,,
STR_3D_259, いいハッカーに, いいハッカーに,,
STR_3D_26B, なるた゛ろう, なるた゛ろう,,
STR_3D_27C, てきなか゛ら\, てきなか゛ら\,,
STR_3D_28A, あっは゜れた゛, あっは゜れた゛,,
STR_3D_29C, オレの\, オレの\,,
STR_3D_2A7, うしろにある, うしろにある,,
STR_3D_2B8, コンヒ゜ューターの\, コンヒ゜ューターの\,,
STR_3D_2C9, スイッチをきれは゛, スイッチをきれは゛,,
STR_3D_2DD, ほ゛うか゛い\, ほ゛うか゛い\,,
STR_3D_2EB, て゛んは゜か゛, て゛んは゜か゛,,
STR_3D_2FD, とまる・・・, とまる・・・,,
STR_3D_30E, しかし、すこし\, しかし、すこし\,,
STR_3D_31D, おそすき゛たようた゛な, おそすき゛たようた゛な,,
STR_3D_333, オレたちの\, オレたちの\,,
STR_3D_340, けいかくは, けいかくは,,
STR_3D_350, もう、\, もう、\,,
STR_3D_35B, とまらないせ゛・・・」, とまらないせ゛・・・」,,
STR_3D_4AF,[name]は、\,[name]は、\,,
STR_3D_4B9,スイッチをきった。,スイッチをきった。,,
STR_3D_4CC,ほ゛うか゛いて゛んは゜か゛\,ほ゛うか゛いて゛んは゜か゛\,,
STR_3D_4E0,とまった。,とまった。,,
STR_3D_4EF,にんむに せいこうした!,にんむに せいこうした!,,
STR_3D_51A,ちちおや\,ちちおや\,,
STR_3D_525,「[name],「[name],,
STR_3D_531, にんむか゛ かんりょう, にんむか゛ かんりょう,,
STR_3D_543, したようた゛な, したようた゛な,,
STR_3D_555, おくにある\, おくにある\,,
STR_3D_562, アクセスホ゜イントに, アクセスホ゜イントに,,
STR_3D_577, ホットラインをひいた\, ホットラインをひいた\,,
STR_3D_589, そこから、もと゛って, そこから、もと゛って,,
STR_3D_59E, きなさい」, きなさい」,,
STR_3D_5C4,リースレン\,リースレン\,,
STR_3D_5D0,「よっ!,「よっ!,,
STR_3D_5DE, とうとう\, とうとう\,,
STR_3D_5EA, Aきゅうハッカーに, Aきゅうハッカーに,,
STR_3D_5FE, なったんた゛ってな\, なったんた゛ってな\,,
STR_3D_60F, おめて゛とう, おめて゛とう,,
STR_3D_620, おまえにさきを\, おまえにさきを\,,
STR_3D_62F, こされたけと゛, こされたけと゛,,
STR_3D_641, おれもまけないて゛\, おれもまけないて゛\,,
STR_3D_652, か゛んは゛るせ゛, か゛んは゛るせ゛,,
STR_3D_665, おっと\, おっと\,,
STR_3D_670, わすれるところた゛った, わすれるところた゛った,,
STR_3D_686, これ、おれからの\, これ、おれからの\,,
STR_3D_696, おいわいた゛, おいわいた゛,,
STR_3D_6A7, これをもっていると\, これをもっていると\,,
STR_3D_6B8, いままて゛, いままて゛,,
STR_3D_6C8, はいれなかったところに, はいれなかったところに,,
STR_3D_6DA, はいれるせ゛, はいれるせ゛,,
STR_3D_6EB, まあ、オトナってことよ, まあ、オトナってことよ,,
STR_3D_716,[name]は\,[name]は\,,
STR_3D_71F,リースレンから,リースレンから,,
STR_3D_730,フ゜ロキシをもらった。,フ゜ロキシをもらった。,,
STR_3D_74C,これを もっていると\,これを もっていると\,,
STR_3D_75D,オトナに なれるらしい,オトナに なれるらしい,,
STR_3D_787,リースレン\,リースレン\,,
STR_3D_793,「ひきとめて わるかった,「ひきとめて わるかった,,
STR_3D_7A9, し゛ゃあな\, し゛ゃあな\,,
STR_3D_7B6, またあおうせ゛!」, またあおうせ゛!」,,
,,,,
STR_3E_4F,コ゛スヘ゜ル\,コ゛スヘ゜ル\,,
STR_3E_5C,「おお!,「おお!,,
STR_3E_6A, きみか゛\, きみか゛\,,
STR_3E_76, [name]くんか, [name]くんか,,
STR_3E_85, ワシは\, ワシは\,,
STR_3E_90, カ゛ーテ゛ィアンの, カ゛ーテ゛ィアンの,,
STR_3E_A4, そうせつしゃて゛\, そうせつしゃて゛\,,
STR_3E_B4, そうすいの, そうすいの,,
STR_3E_C4, ト゛クター・\, ト゛クター・\,,
STR_3E_D2, コ゛スへ゜ルし゛ゃ, コ゛スへ゜ルし゛ゃ,,
STR_3E_E6, しんし゛んなか゛ら\, しんし゛んなか゛ら\,,
STR_3E_F7, よくか゛んは゛った, よくか゛んは゛った,,
STR_3E_10B, きみのかつやくに\, きみのかつやくに\,,
STR_3E_11B, たいして、, たいして、,,
STR_3E_12B, わか゛\, わか゛\,,
STR_3E_136, カ゛ーテ゛ィアンて゛は, カ゛ーテ゛ィアンて゛は,,
STR_3E_14C, とくへ゛つのかんしゃ\, とくへ゛つのかんしゃ\,,
STR_3E_15E, をしたいとおもう。, をしたいとおもう。,,
STR_3E_172, そのあかしとして\, そのあかしとして\,,
STR_3E_182, [name]くんに, [name]くんに,,
STR_3E_191, Aきゅうハッカーの\, Aきゅうハッカーの\,,
STR_3E_1A2, しかくを, しかくを,,
STR_3E_1B1, あたえることにする。, あたえることにする。,,
STR_3E_1DB,[name]は\,[name]は\,,
STR_3E_1E4,Aきゅうハッカーに,Aきゅうハッカーに,,
STR_3E_1F7,なった,なった,,
STR_3E_25B,コ゛スヘ゜ル\,コ゛スヘ゜ル\,,
STR_3E_268,「おめて゛とう!,「おめて゛とう!,,
STR_3E_27A, Aきゅうハッカーに\, Aきゅうハッカーに\,,
STR_3E_28B, なったから、, なったから、,,
STR_3E_29C, つかえなかった\, つかえなかった\,,
STR_3E_2AB, チッフ゜か゛, チッフ゜か゛,,
STR_3E_2BC, つかえるように\, つかえるように\,,
STR_3E_2CB, なったそ゛!, なったそ゛!,,
STR_3E_2DC, さらに うえには\, さらに うえには\,,
STR_3E_2EC, Sきゅうハッカーという, Sきゅうハッカーという,,
STR_3E_302, ランクもあるそ゛!, ランクもあるそ゛!,,
STR_3E_316, か゛んは゛って\, か゛んは゛って\,,
STR_3E_325, くれたまえ!」, くれたまえ!」,,
STR_3E_35B,ちちおや\,ちちおや\,,
STR_3E_366,「[name],「[name],,
STR_3E_372, よくか゛んは゛ったな!, よくか゛んは゛ったな!,,
STR_3E_388, これからも\, これからも\,,
STR_3E_395, りっは゜ににんむを, りっは゜ににんむを,,
STR_3E_3A9, はたしてくれ!」, はたしてくれ!」,,
,,,,
STR_3F_3B,ユイ\,ユイ\,,
STR_3F_44,「んもう、,「んもう、,,
STR_3F_53, いったい\, いったい\,,
STR_3F_5F, と゛こへいってたのよ?, と゛こへいってたのよ?,,
STR_3F_75, [name]くんか゛\, [name]くんか゛\,,
STR_3F_82, いないあいた゛に, いないあいた゛に,,
STR_3F_95, カ゛ーテ゛ィアンか゛\, カ゛ーテ゛ィアンか゛\,,
STR_3F_A7, やってきて、, やってきて、,,
STR_3F_B8, し゛けんをかいけつ\, し゛けんをかいけつ\,,
STR_3F_C9, しちゃったわよ」, しちゃったわよ」,,
STR_3F_F1,ユイのハ゜ハ゜\,ユイのハ゜ハ゜\,,
STR_3F_FF,「やあ。,「やあ。,,
STR_3F_10D, おかけ゛て゛\, おかけ゛て゛\,,
STR_3F_11B, ユイのおへ゛んとうにも, ユイのおへ゛んとうにも,,
STR_3F_131, ありつけることか゛\, ありつけることか゛\,,
STR_3F_142, て゛きたし、, て゛きたし、,,
STR_3F_153, し゛けんは、\, し゛けんは、\,,
STR_3F_161, かいけつしたし、, かいけつしたし、,,
STR_3F_174, ハッヒ゜ーな\, ハッヒ゜ーな\,,
STR_3F_182, きふ゛んた゛よ」, きふ゛んた゛よ」,,
STR_3F_1AA,こうして、\,こうして、\,,
STR_3F_1B6,[name]のかつやくにより,[name]のかつやくにより,,
STR_3F_1C9,なのはなタウンには、\,なのはなタウンには、\,,
STR_3F_1DA,ふたたひ゛,ふたたひ゛,,
STR_3F_1E9,へいわな ひひ゛か゛\,へいわな ひひ゛か゛\,,
STR_3F_1FA,おとす゛れたのて゛した。,おとす゛れたのて゛した。,,
,,,,
STR_40_2E,「ついに このときか゛\,「ついに このときか゛\,,
STR_40_40, きたようた゛な・・・」, きたようた゛な・・・」,,
STR_40_6B,「はッ!\,「はッ!\,,
STR_40_7A, カ゛ーテ゛ィアンの\, カ゛ーテ゛ィアンの\,,
STR_40_8B, やつらか゛, やつらか゛,,
STR_40_9B, ロッシュら かんふ゛に, ロッシュら かんふ゛に,,
STR_40_AD, かまっているスキに, かまっているスキに,,
STR_40_C1, カ゛ーテ゛ィアンほんふ゛, カ゛ーテ゛ィアンほんふ゛,,
STR_40_D4, しゅうけ゛きの, しゅうけ゛きの,,
STR_40_E6, し゛ゅんひ゛か゛\, し゛ゅんひ゛か゛\,,
STR_40_F6, ととのいました」, ととのいました」,,
STR_40_11E,「カ゛ハハハハ!,「カ゛ハハハハ!,,
STR_40_130, ロッシュら かんふ゛の, ロッシュら かんふ゛の,,
STR_40_142, れんちゅうなと゛, れんちゅうなと゛,,
STR_40_155, ワシら してんのうに\, ワシら してんのうに\,,
STR_40_167, くらへ゛れは゛, くらへ゛れは゛,,
STR_40_179, あかこ゛\, あかこ゛\,,
STR_40_185, と゛うせ゛ん!」, と゛うせ゛ん!」,,
STR_40_1AD,「そうそう,「そうそう,,
STR_40_1BC, あんな\, あんな\,,
STR_40_1C7, すてこ゛まハッカーに, すてこ゛まハッカーに,,
STR_40_1DC, ふりまわされてる\, ふりまわされてる\,,
STR_40_1EC, カ゛ーテ゛ィアンなんて, カ゛ーテ゛ィアンなんて,,
STR_40_202, たかか゛\, たかか゛\,,
STR_40_20E, しれてるわね」, しれてるわね」,,
STR_40_235,「ウェルテ゛ハイト゛の\,「ウェルテ゛ハイト゛の\,,
STR_40_247, しんの ちからを, しんの ちからを,,
STR_40_25A, ワイら\, ワイら\,,
STR_40_265, してんのうか゛, してんのうか゛,,
STR_40_277, カ゛ーテ゛ィアンに\, カ゛ーテ゛ィアンに\,,
STR_40_288, おもいしらせたるわい!」, おもいしらせたるわい!」,,
STR_40_2B4,「さあ、\,「さあ、\,,
STR_40_2BF, してんのうたちよ!, してんのうたちよ!,,
STR_40_2D3, いまいましい\, いまいましい\,,
STR_40_2E1, カ゛ーテ゛ィアンの, カ゛ーテ゛ィアンの,,
STR_40_2F5, れんちゅうを\, れんちゅうを\,,
STR_40_303, せんめつさせるのた゛!, せんめつさせるのた゛!,,
STR_40_319, いまこそ、わか゛\, いまこそ、わか゛\,,
STR_40_329, ウェルテ゛ハイト゛の, ウェルテ゛ハイト゛の,,
STR_40_33E, えいこうのとき!, えいこうのとき!,,
STR_40_351, その\, その\,,
STR_40_35B, カウントタ゛ウンは, カウントタ゛ウンは,,
STR_40_36F, はし゛まったのた゛!」, はし゛まったのた゛!」,,
,,,,
STR_41_74,ははおや\,ははおや\,,
STR_41_7F,「[name]\,「[name]\,,
STR_41_8C, [name]\, [name]\,,
STR_41_95, おきなさい!!」, おきなさい!!」,,
STR_41_C0,ははおや\,ははおや\,,
STR_41_CB,「なのはなタウンか゛,「なのはなタウンか゛,,
STR_41_DF, たいへんなことに\, たいへんなことに\,,
STR_41_EF, なっているわ!, なっているわ!,,
STR_41_101, て゛んわも\, て゛んわも\,,
STR_41_10E, つうし゛ないし、, つうし゛ないし、,,
STR_41_121, メールもうてないの, メールもうてないの,,
STR_41_135, テレヒ゛も\, テレヒ゛も\,,
STR_41_142, て゛んしレンシ゛も, て゛んしレンシ゛も,,
STR_41_156, とまってしまったの, とまってしまったの,,
STR_41_16A, おまけにおとうさんも\, おまけにおとうさんも\,,
STR_41_17C, れんらくか゛とれないし, れんらくか゛とれないし,,
STR_41_192, と゛うすれは゛\, と゛うすれは゛\,,
STR_41_1A1, いいの?」, いいの?」,,
,,,,
STR_42_2E,とくめいの\,とくめいの\,,
STR_42_3A,メールをし゛ゅしんしました。,メールをし゛ゅしんしました。,,
STR_42_6E,「やあ、はし゛めまして\,「やあ、はし゛めまして\,,
STR_42_80, [name]くん, [name]くん,,
STR_42_95, わたしは、\, わたしは、\,,
STR_42_A2, ウェルテ゛ハイト゛の, ウェルテ゛ハイト゛の,,
STR_42_B7, そうすい\, そうすい\,,
STR_42_C3, カ゛ルテ゛ンた゛」, カ゛ルテ゛ンた゛」,,
STR_42_D7,カ゛ルテ゛ン\,カ゛ルテ゛ン\,,
STR_42_E4,「これまて゛の,「これまて゛の,,
STR_42_F5, きみの かつやく\, きみの かつやく\,,
STR_42_105, たいへん みこ゛と, たいへん みこ゛と,,
STR_42_119, た゛ったよ。, た゛ったよ。,,
STR_42_12A, た゛か゛もうそれも\, た゛か゛もうそれも\,,
STR_42_13B, シ゛エント゛た゛。, シ゛エント゛た゛。,,
STR_42_14F, わか゛ウェルテ゛ハイト゛, わか゛ウェルテ゛ハイト゛,,
STR_42_162, による、, による、,,
STR_42_171, ちきゅう しはい\, ちきゅう しはい\,,
STR_42_181, けいかくの, けいかくの,,
STR_42_191, カウントタ゛ウンか゛\, カウントタ゛ウンか゛\,,
STR_42_1A3, はし゛まったのた゛。, はし゛まったのた゛。,,
STR_42_1B8, すへ゛ての\, すへ゛ての\,,
STR_42_1C5, ハ゛ク゛サイトは, ハ゛ク゛サイトは,,
STR_42_1D8, もちろん、\, もちろん、\,,
STR_42_1E5, きみたちのくらしている, きみたちのくらしている,,
STR_42_1FB, け゛んし゛つせかいも\, け゛んし゛つせかいも\,,
STR_42_20D, すへ゛て、, すへ゛て、,,
STR_42_21D, わか゛\, わか゛\,,
STR_42_228, ウェルテ゛ハイト゛の, ウェルテ゛ハイト゛の,,
STR_42_23D, しはいかに\, しはいかに\,,
STR_42_24A, おかれるのた゛。, おかれるのた゛。,,
STR_42_25D, きみたち、\, きみたち、\,,
STR_42_26A, カ゛ーテ゛ィアンか゛, カ゛ーテ゛ィアンか゛,,
STR_42_27F, と゛んなに\, と゛んなに\,,
STR_42_28C, か゛んは゛ってみても, か゛んは゛ってみても,,
STR_42_2A1, むた゛なことた゛, むた゛なことた゛,,
STR_42_2B4, きみたちのキリフタ゛と, きみたちのキリフタ゛と,,
STR_42_2C6, いうへ゛きし゛んふ゛つ, いうへ゛きし゛んふ゛つ,,
STR_42_2DC, つまり、\, つまり、\,,
STR_42_2E8, きみの ちちおやは, きみの ちちおやは,,
STR_42_2FC, われわれの\, われわれの\,,
STR_42_309, てにある!!, てにある!!,,
STR_42_32F,ちちおや\,ちちおや\,,
STR_42_33A,「[name]!,「[name]!,,
STR_42_347, きをつけるんた゛!」, きをつけるんた゛!」,,
STR_42_371,カ゛ルテ゛ン\,カ゛ルテ゛ン\,,
STR_42_37E,「ハッハッハッ、,「ハッハッハッ、,,
STR_42_390, これて゛\, これて゛\,,
STR_42_39C, わかったた゛ろう。, わかったた゛ろう。,,
STR_42_3B0, むた゛な ていこうは\, むた゛な ていこうは\,,
STR_42_3C2, やめて、, やめて、,,
STR_42_3D1, おとなしく\, おとなしく\,,
STR_42_3DE, せかいのおわりを, せかいのおわりを,,
STR_42_3F1, まつことた゛・・・」, まつことた゛・・・」,,
,,,,
STR_43_61,ユイのハ゜ハ゜\,ユイのハ゜ハ゜\,,
STR_43_6F,「たいへんた゛ー!,「たいへんた゛ー!,,
STR_43_82, うちのユイか゛\, うちのユイか゛\,,
STR_43_91, なにものかに, なにものかに,,
STR_43_A2, さらわれて\, さらわれて\,,
STR_43_AF, しまったんた゛!, しまったんた゛!,,
STR_43_C2, ああ、\, ああ、\,,
STR_43_CD, と゛うしよう!」, と゛うしよう!」,,
STR_43_1A5,コ゛スヘ゜ル\,コ゛スヘ゜ル\,,
STR_43_1B2,「おお、,「おお、,,
STR_43_1C0, [name]くん\, [name]くん\,,
STR_43_1CB, ここにいたか, ここにいたか,,
STR_43_1E7, きみを\, きみを\,,
STR_43_1F2, さか゛していたんた゛, さか゛していたんた゛,,
STR_43_207, このし゛てんしゃか?\, このし゛てんしゃか?\,,
STR_43_219, なにせ、, なにせ、,,
STR_43_228, て゛んしゃも\, て゛んしゃも\,,
STR_43_236, し゛と゛うしゃも, し゛と゛うしゃも,,
STR_43_249, うこ゛かない・・・。\, うこ゛かない・・・。\,,
STR_43_25B, これて゛くるのか゛, これて゛くるのか゛,,
STR_43_26F, いちは゛ん\, いちは゛ん\,,
STR_43_27C, はやいんて゛な・・・。, はやいんて゛な・・・。,,
STR_43_292, カ゛ーテ゛ィアン\, カ゛ーテ゛ィアン\,,
STR_43_2A2, ほんふ゛か゛, ほんふ゛か゛,,
STR_43_2B3, ウェルテ゛ハイト゛の\, ウェルテ゛ハイト゛の\,,
STR_43_2C5, してんのうとやらに, してんのうとやらに,,
STR_43_2D9, しゅうけ゛きされて\, しゅうけ゛きされて\,,
STR_43_2EA, ふ゛っこわれて, ふ゛っこわれて,,
STR_43_2FC, しまった。\, しまった。\,,
STR_43_309, ほんふ゛にいた, ほんふ゛にいた,,
STR_43_31B, ハ゛ク゛や\, ハ゛ク゛や\,,
STR_43_328, ほかの, ほかの,,
STR_43_336, Aきゅうハッカーたちも, Aきゅうハッカーたちも,,
STR_43_348, やられてしまった。, やられてしまった。,,
STR_43_35C, きみの おとうさんも\, きみの おとうさんも\,,
STR_43_36E, カ゛ルテ゛ンに, カ゛ルテ゛ンに,,
STR_43_380, つかまって\, つかまって\,,
STR_43_38D, しまったんし゛ゃ!, しまったんし゛ゃ!,,
STR_43_3A1, いきのこった\, いきのこった\,,
STR_43_3AF, ハッカーしょくんか゛, ハッカーしょくんか゛,,
STR_43_3C4, なんとか、\, なんとか、\,,
STR_43_3D1, ウェルテ゛ハイト゛の, ウェルテ゛ハイト゛の,,
STR_43_3E6, けいかくを\, けいかくを\,,
STR_43_3F3, そしするために, そしするために,,
STR_43_405, か゛んは゛っている。\, か゛んは゛っている。\,,
STR_43_417, きみもやってくれるか?, きみもやってくれるか?,,
STR_43_4E6,コ゛スヘ゜ル\,コ゛スヘ゜ル\,,
STR_43_4F3,「そうか、,「そうか、,,
STR_43_502, きみなら\, きみなら\,,
STR_43_50E, そういってくれると, そういってくれると,,
STR_43_522, おもったよ, おもったよ,,
STR_43_532, きみに\, きみに\,,
STR_43_53D, これをわたそう」, これをわたそう」,,
STR_43_565,[name]は\,[name]は\,,
STR_43_56E,フ゛ロークンアローをてにいれた!,フ゛ロークンアローをてにいれた!,,
STR_43_5A4,コ゛スヘ゜ル\,コ゛スヘ゜ル\,,
STR_43_5B1,「これは,「これは,,
STR_43_5BF, フ゛ロークンアローと\, フ゛ロークンアローと\,,
STR_43_5D1, いって、, いって、,,
STR_43_5E0, サイトケ゛ートを\, サイトケ゛ートを\,,
STR_43_5F0, とおらす゛に, とおらす゛に,,
STR_43_601, かくラント゛やエリアに, かくラント゛やエリアに,,
STR_43_613, タ゛イフ゛て゛きる, タ゛イフ゛て゛きる,,
STR_43_627, ツールし゛ゃ。, ツールし゛ゃ。,,
STR_43_639, フ゛ロークンアローは\, フ゛ロークンアローは\,,
STR_43_64B, アーミー、ネイヒ゛ー、, アーミー、ネイヒ゛ー、,,
STR_43_661, エアフォースという\, エアフォースという\,,
STR_43_672, 3つのシンキ゛か゛, 3つのシンキ゛か゛,,
STR_43_686, そろったとき、\, そろったとき、\,,
STR_43_695, はし゛めてかんせいする。, はし゛めてかんせいする。,,
STR_43_6AC, ところか゛\, ところか゛\,,
STR_43_6B9, ウェルテ゛ハイト゛の, ウェルテ゛ハイト゛の,,
STR_43_6CE, してんのうと\, してんのうと\,,
STR_43_6DC, よは゛れるヤツらに, よは゛れるヤツらに,,
STR_43_6F0, その3つのシンキ゛を\, その3つのシンキ゛を\,,
STR_43_702, うは゛われてしまった。, うは゛われてしまった。,,
STR_43_718, ヤツらは\, ヤツらは\,,
STR_43_724, それそ゛れ、, それそ゛れ、,,
STR_43_735, アミラント゛\, アミラント゛\,,
STR_43_743, シーラント゛, シーラント゛,,
STR_43_754, エアラント゛\, エアラント゛\,,
STR_43_762, エナシ゛ーラント゛を, エナシ゛ーラント゛を,,
STR_43_777, せいあつ\, せいあつ\,,
STR_43_783, したようし゛ゃ。, したようし゛ゃ。,,
STR_43_796, きみはアミラント゛\, きみはアミラント゛\,,
STR_43_7A7, シーラント゛エアラント゛, シーラント゛エアラント゛,,
STR_43_7BE, 3つのラント゛を\, 3つのラント゛を\,,
STR_43_7CE, まわり、してんのうから, まわり、してんのうから,,
STR_43_7E4, 3つのシンキ゛を\, 3つのシンキ゛を\,,
STR_43_7F4, とりかえすんし゛ゃ!, とりかえすんし゛ゃ!,,
STR_43_809, そうすれは゛\, そうすれは゛\,,
STR_43_817, フ゛ロークンアローか゛, フ゛ロークンアローか゛,,
STR_43_82D, かんせいし、\, かんせいし、\,,
STR_43_83B, 4つめのラント゛, 4つめのラント゛,,
STR_43_84E, エナシ゛ーラント゛への, エナシ゛ーラント゛への,,
STR_43_860, みちか゛, みちか゛,,
STR_43_86F, ひらけるし゛ゃろう!, ひらけるし゛ゃろう!,,
STR_43_884, もはや、\, もはや、\,,
STR_43_890, ウェルテ゛ハイト゛の, ウェルテ゛ハイト゛の,,
STR_43_8A5, やほ゛うを\, やほ゛うを\,,
STR_43_8B2, そして゛きるのは, そして゛きるのは,,
STR_43_8C5, きみしかいない!\, きみしかいない!\,,
STR_43_8D5, たのんた゛そ゛!」, たのんた゛そ゛!」,,
STR_43_92D,コ゛スヘ゜ル\,コ゛スヘ゜ル\,,
STR_43_93A,「[name]くん!,「[name]くん!,,
STR_43_949, そんなこといわす゛に\, そんなこといわす゛に\,,
STR_43_95B, せかいか゛みんな, せかいか゛みんな,,
STR_43_96E, ウェルテ゛ハイト゛の\, ウェルテ゛ハイト゛の\,,
STR_43_980, ものに, ものに,,
STR_43_98E, なってしまうんた゛そ゛, なってしまうんた゛そ゛,,
STR_43_9A4, カ゛ーテ゛ィアンの\, カ゛ーテ゛ィアンの\,,
STR_43_9B5, いちいんとして、, いちいんとして、,,
STR_43_9C8, きみも\, きみも\,,
STR_43_9D3, さんかしてくれ!」, さんかしてくれ!」,,
,,,,
STR_4B_4E,ヘ゛ンケー\,ヘ゛ンケー\,,
STR_4B_5A,「カ゛ハハハハ!,「カ゛ハハハハ!,,
STR_4B_6C, ワシのなは、\, ワシのなは、\,,
STR_4B_7A, ヘ゛ンケー!, ヘ゛ンケー!,,
STR_4B_8B, ウェルテ゛ハイト゛か゛\, ウェルテ゛ハイト゛か゛\,,
STR_4B_9E, ほこる, ほこる,,
STR_4B_AC, してんのうの\, してんのうの\,,
STR_4B_BA, ひとりた゛!, ひとりた゛!,,
STR_4B_CB, おまえは\, おまえは\,,
STR_4B_D7, ちちおやににて, ちちおやににて,,
STR_4B_E9, なかなかゆうきの\, なかなかゆうきの\,,
STR_4B_F9, ありそうなやつた゛, ありそうなやつた゛,,
STR_4B_10D, しかし、\, しかし、\,,
STR_4B_119, ゆうきた゛けて゛は\, ゆうきた゛けて゛は\,,
STR_4B_12E, しょうふ゛には\, しょうふ゛には\,,
STR_4B_13D, かてんそ゛!!」, かてんそ゛!!」,,
STR_4B_1C3,ヘ゛ンケー\,ヘ゛ンケー\,,
STR_4B_1CF,「みこ゛とた゛・・・,「みこ゛とた゛・・・,,
STR_4B_1E3, おまえの ゆうきは\, おまえの ゆうきは\,,
STR_4B_1F4, ほんものた゛ったようた゛, ほんものた゛ったようた゛,,
STR_4B_20B, さらは゛!!」, さらは゛!!」,,
STR_4B_2A8,[name]は、\,[name]は、\,,
STR_4B_2B2,3つのシンキ゛の1つ、,3つのシンキ゛の1つ、,,
STR_4B_2C7,アーミーをてにいれた!,アーミーをてにいれた!,,
STR_4B_31E,3つのシンキ゛を\,3つのシンキ゛を\,,
STR_4B_32D,すへ゛て てにいれた!,すへ゛て てにいれた!,,
STR_4B_342,フ゛ロークンアローか゛\,フ゛ロークンアローか゛\,,
STR_4B_354,ひかりた゛した,ひかりた゛した,,
STR_4B_365,フ゛ロークンアローて゛\,フ゛ロークンアローて゛\,,
STR_4B_377,エナシ゛ーラント゛へ\,エナシ゛ーラント゛へ\,,
STR_4B_38C,いけるようになった!,いけるようになった!,,
,,,,
STR_4D_73,と゛こかて゛\,と゛こかて゛\,,
STR_4D_80,みす゛か゛ぬけるような,みす゛か゛ぬけるような,,
STR_4D_95,おとか゛きこえる・・・,おとか゛きこえる・・・,,
STR_4D_C0,と゛こかて゛\,と゛こかて゛\,,
STR_4D_CD,みす゛か゛なか゛れる,みす゛か゛なか゛れる,,
STR_4D_E1,おとか゛きこえる・・・,おとか゛きこえる・・・,,
,,,,
STR_4F_4E,フ゛ラフ゛\,フ゛ラフ゛\,,
STR_4F_5A,「よーくきたわね!,「よーくきたわね!,,
STR_4F_6D, あたいは\, あたいは\,,
STR_4F_79, ウェルテ゛ハイト゛の, ウェルテ゛ハイト゛の,,
STR_4F_8E, してんのうのひとり、\, してんのうのひとり、\,,
STR_4F_A0, フ゛ラフ゛ちゃんよ, フ゛ラフ゛ちゃんよ,,
STR_4F_B4, チャッチャッと\, チャッチャッと\,,
STR_4F_C3, おわらせて、, おわらせて、,,
STR_4F_D4, おと゛りに\, おと゛りに\,,
STR_4F_E1, いくんた゛から, いくんた゛から,,
STR_4F_F3, しょーふ゛よ!」, しょーふ゛よ!」,,
STR_4F_179,フ゛ラフ゛\,フ゛ラフ゛\,,
STR_4F_185,「そんな・・・,「そんな・・・,,
STR_4F_196, あたいのまけなの・・・, あたいのまけなの・・・,,
STR_4F_1A8, チャッチャッと, チャッチャッと,,
STR_4F_1BA, おわっちゃった・・・」, おわっちゃった・・・」,,
STR_4F_25B,[name]は、\,[name]は、\,,
STR_4F_265,3つのシンキ゛の1つ、,3つのシンキ゛の1つ、,,
STR_4F_27A,ネイヒ゛ーをてにいれた!,ネイヒ゛ーをてにいれた!,,
STR_4F_2D2,3つのシンキ゛を\,3つのシンキ゛を\,,
STR_4F_2E1,すへ゛て てにいれた!,すへ゛て てにいれた!,,
STR_4F_2F6,フ゛ロークンアローか゛\,フ゛ロークンアローか゛\,,
STR_4F_308,ひかりた゛した,ひかりた゛した,,
STR_4F_319,フ゛ロークンアローて゛\,フ゛ロークンアローて゛\,,
STR_4F_32B,エナシ゛ーラント゛へ\,エナシ゛ーラント゛へ\,,
STR_4F_340,いけるようになった!,いけるようになった!,,
,,,,
STR_54_4E,ストーミー\,ストーミー\,,
STR_54_5A,「ワイは、,「ワイは、,,
STR_54_69, してんのういちの\, してんのういちの\,,
STR_54_79, おちょうしもん、, おちょうしもん、,,
STR_54_8C, ストーミーや!, ストーミーや!,,
STR_54_9E, わいのきまく゛れに\, わいのきまく゛れに\,,
STR_54_AF, ついてこれるかな?」, ついてこれるかな?」,,
STR_54_137,ストーミー\,ストーミー\,,
STR_54_143,「ワ、ワイのまけや,「ワ、ワイのまけや,,
STR_54_156, ワイラはこれて゛\, ワイラはこれて゛\,,
STR_54_166, おわりやないて゛・・・, おわりやないて゛・・・,,
STR_54_17C, かくこ゛しとけや」, かくこ゛しとけや」,,
STR_54_21B,[name]は、\,[name]は、\,,
STR_54_225,3つのシンキ゛の1つ、,3つのシンキ゛の1つ、,,
STR_54_23A,エアフォースをてにいれた!,エアフォースをてにいれた!,,
STR_54_293,3つのシンキ゛を\,3つのシンキ゛を\,,
STR_54_2A2,すへ゛て てにいれた!,すへ゛て てにいれた!,,
STR_54_2B7,フ゛ロークンアローか゛\,フ゛ロークンアローか゛\,,
STR_54_2C9,ひかりた゛した,ひかりた゛した,,
STR_54_2DA,フ゛ロークンアローて゛\,フ゛ロークンアローて゛\,,
STR_54_2EC,エナシ゛ーラント゛へ\,エナシ゛ーラント゛へ\,,
STR_54_301,いけるようになった!,いけるようになった!,,
,,,,
STR_55_74,タヒロ の ほんふ゛は\,タヒロ の ほんふ゛は\,,
STR_55_86,ここエナシ゛ーラント゛にある,ここエナシ゛ーラント゛にある,,
STR_55_9E,エネルキ゛ーしゅうせき\,エネルキ゛ーしゅうせき\,,
STR_55_B0,ふ゛ふ゛んて゛す,ふ゛ふ゛んて゛す,,
STR_55_C2,カ゛カ゛カ゛カ゛ーッ,カ゛カ゛カ゛カ゛ーッ,,
STR_55_D6,とつせ゛ん ホ゛イスマシンか゛\,とつせ゛ん ホ゛イスマシンか゛\,,
STR_55_EC,こわれてしまった,こわれてしまった,,
STR_55_114,ホ゛イスマシンか゛こわれている,ホ゛イスマシンか゛こわれている,,
STR_55_144,「おまえ、いいハ゛ク゛\,「おまえ、いいハ゛ク゛\,,
STR_55_156, もってんし゛ゃねーか, もってんし゛ゃねーか,,
STR_55_16B, そのモハ゛イルこ゛と\, そのモハ゛イルこ゛と\,,
STR_55_17D, ここに おいていきな!, ここに おいていきな!,,
STR_55_193, ・・・なにぃ?\, ・・・なにぃ?\,,
STR_55_1A2, イヤた゛ぁ?, イヤた゛ぁ?,,
STR_55_1B3, し゛ゃあ、\, し゛ゃあ、\,,
STR_55_1C0, ちからつ゛くて゛, ちからつ゛くて゛,,
STR_55_1D3, うは゛うまて゛た゛!」, うは゛うまて゛た゛!」,,
STR_55_25C,「クソッ、\,「クソッ、\,,
STR_55_268, いいハ゛ク゛さえ, いいハ゛ク゛さえ,,
STR_55_27B, あれは゛\, あれは゛\,,
STR_55_287, ここから, ここから,,
STR_55_296, て゛れると\, て゛れると\,,
STR_55_2A3, おもったのに・・・」, おもったのに・・・」,,
,,,,
STR_56_61,このさきは\,このさきは\,,
STR_56_6D,エナシ゛ーサファリエリアへの,エナシ゛ーサファリエリアへの,,
STR_56_85,ケ゛ートになります。,ケ゛ートになります。,,
STR_56_AF,このさきは\,このさきは\,,
STR_56_BB,エナシ゛ーリソ゛ートエリアへの,エナシ゛ーリソ゛ートエリアへの,,
STR_56_D4,ケ゛ートになります。,ケ゛ートになります。,,
STR_56_E8,たた゛いまこうし゛ちゅうて゛す。,たた゛いまこうし゛ちゅうて゛す。,,
STR_56_118,このさきは\,このさきは\,,
STR_56_124,エナシ゛ーエリアへの,エナシ゛ーエリアへの,,
STR_56_138,ケ゛ートになります。,ケ゛ートになります。,,
,,,,
STR_59_87,シールト゛を\,シールト゛を\,,
STR_59_94,ひらいた,ひらいた,,
STR_59_A2,ハ゛ク゛か゛おそってくる!!,ハ゛ク゛か゛おそってくる!!,,
STR_59_12D,シールト゛を\,シールト゛を\,,
STR_59_13A,とっは゜した!,とっは゜した!,,
STR_59_161,シールト゛を\,シールト゛を\,,
STR_59_16E,ひらいた,ひらいた,,
STR_59_17C,ハ゛ク゛か゛おそってくる!!,ハ゛ク゛か゛おそってくる!!,,
STR_59_207,シールト゛を\,シールト゛を\,,
STR_59_214,とっは゜した!,とっは゜した!,,
,,,,
STR_5A_4E,シールト゛を\,シールト゛を\,,
STR_5A_5B,ひらいた,ひらいた,,
STR_5A_69,ハ゛ク゛か゛おそってくる!!,ハ゛ク゛か゛おそってくる!!,,
STR_5A_F4,シールト゛を\,シールト゛を\,,
STR_5A_101,とっは゜した!,とっは゜した!,,
STR_5A_128,シールト゛を\,シールト゛を\,,
STR_5A_135,ひらいた,ひらいた,,
STR_5A_143,ハ゛ク゛か゛おそってくる!!,ハ゛ク゛か゛おそってくる!!,,
STR_5A_1CE,シールト゛を\,シールト゛を\,,
STR_5A_1DB,とっは゜した!,とっは゜した!,,
,,,,
STR_5B_4E,シールト゛を\,シールト゛を\,,
STR_5B_5B,ひらいた,ひらいた,,
STR_5B_69,ハ゛ク゛か゛おそってくる!!,ハ゛ク゛か゛おそってくる!!,,
STR_5B_F4,シールト゛を\,シールト゛を\,,
STR_5B_101,とっは゜した!,とっは゜した!,,
STR_5B_128,シールト゛を\,シールト゛を\,,
STR_5B_135,ひらいた,ひらいた,,
STR_5B_143,ハ゛ク゛か゛おそってくる!!,ハ゛ク゛か゛おそってくる!!,,
STR_5B_1CE,シールト゛を\,シールト゛を\,,
STR_5B_1DB,とっは゜した!,とっは゜した!,,
,,,,
STR_5C_AD,カクエー\,カクエー\,,
STR_5C_B8,「ワシは,「ワシは,,
STR_5C_C6, ムホウモノのNo1の\, ムホウモノのNo1の\,,
STR_5C_D8, つよさた゛, つよさた゛,,
STR_5C_E8, ワシに かてるかな?\, ワシに かてるかな?\,,
STR_5C_FA, ショーフ゛た゛!」, ショーフ゛た゛!」,,
STR_5C_181,カクエー\,カクエー\,,
STR_5C_18C,「No1のさ゛は,「No1のさ゛は,,
STR_5C_19E, きみに ゆす゛ろう, きみに ゆす゛ろう,,
STR_5C_1B2, エッ\, エッ\,,
STR_5C_1BC, ムホウモノし゛ゃ, ムホウモノし゛ゃ,,
STR_5C_1CF, ないって?\, ないって?\,,
STR_5C_1DC, きみはいいやつかも, きみはいいやつかも,,
STR_5C_1F0, しれないな\, しれないな\,,
STR_5C_1FD, メールアト゛レスを, メールアト゛レスを,,
STR_5C_211, こうかんしようし゛ゃ\, こうかんしようし゛ゃ\,,
STR_5C_223, ないか」, ないか」,,
STR_5C_247,[name]は\,[name]は\,,
STR_5C_250,ムホウモノ・カクエーと,ムホウモノ・カクエーと,,
STR_5C_265,メールアト゛レスを\,メールアト゛レスを\,,
STR_5C_275,こうかんした,こうかんした,,
STR_5C_29A,カクエー\,カクエー\,,
STR_5C_2A5,「メールて゛,「メールて゛,,
STR_5C_2B5, きょうりょくしよう」, きょうりょくしよう」,,
STR_5C_356,カクエー\,カクエー\,,
STR_5C_361,「ワシは,「ワシは,,
STR_5C_36F, ムホウモノのNo1の\, ムホウモノのNo1の\,,
STR_5C_381, つよさた゛, つよさた゛,,
STR_5C_391, ワシに かてるかな?\, ワシに かてるかな?\,,
STR_5C_3A3, ショーフ゛た゛!」, ショーフ゛た゛!」,,
STR_5C_42A,カクエー\,カクエー\,,
STR_5C_435,「No1のさ゛は,「No1のさ゛は,,
STR_5C_447, きみに ゆす゛ろう」, きみに ゆす゛ろう」,,
STR_5C_4E8,KK\,KK\,,
STR_5C_4F1,「あたいのハ゛ク゛は,「あたいのハ゛ク゛は,,
STR_5C_505, こうせいのうチッフ゜を, こうせいのうチッフ゜を,,
STR_5C_517, とうさいしてるわよ」, とうさいしてるわよ」,,
STR_5C_59F,KK\,KK\,,
STR_5C_5A8,「チッフ゜た゛けし゛ゃ,「チッフ゜た゛けし゛ゃ,,
STR_5C_5BD, かてないか・・・。, かてないか・・・。,,
STR_5C_5D1, ハ゛ク゛との\, ハ゛ク゛との\,,
STR_5C_5DF, ハ゛ランスか゛, ハ゛ランスか゛,,
STR_5C_5F1, た゛いし゛なのか・・・\, た゛いし゛なのか・・・\,,
STR_5C_608, いいへ゛んきょうに\, いいへ゛んきょうに\,,
STR_5C_619, なったよ, なったよ,,
STR_5C_628, また、\, また、\,,
STR_5C_633, おしえてくれる?」, おしえてくれる?」,,
STR_5C_65C,[name]は\,[name]は\,,
STR_5C_665,ムホウモノ・KKと,ムホウモノ・KKと,,
STR_5C_678,メールアト゛レスを\,メールアト゛レスを\,,
STR_5C_688,こうかんした,こうかんした,,
STR_5C_6AD,KK\,KK\,,
STR_5C_6B6,「それし゛ゃ、,「それし゛ゃ、,,
STR_5C_6C7, あとて゛\, あとて゛\,,
STR_5C_6D3, メールするわね」, メールするわね」,,
STR_5C_772,KK\,KK\,,
STR_5C_77B,「あたいのハ゛ク゛は,「あたいのハ゛ク゛は,,
STR_5C_78F, こうせいのうチッフ゜を, こうせいのうチッフ゜を,,
STR_5C_7A1, とうさいしてるわよ」, とうさいしてるわよ」,,
STR_5C_829,KK\,KK\,,
STR_5C_832,「チッフ゜た゛けし゛ゃ,「チッフ゜た゛けし゛ゃ,,
STR_5C_847, かてないか・・・」, かてないか・・・」,,
STR_5C_8E7,とひ゛らか゛あかない!,とひ゛らか゛あかない!,,
STR_5C_8FC,このとひ゛ら、\,このとひ゛ら、\,,
STR_5C_90A,テ゛ヒ゛ルケ゛ートを あけるには,テ゛ヒ゛ルケ゛ートを あけるには,,
STR_5C_924,きょうりょくな\,きょうりょくな\,,
STR_5C_932,チッフ゜を そうひ゛した,チッフ゜を そうひ゛した,,
STR_5C_948,ハ゛ク゛か゛\,ハ゛ク゛か゛\,,
STR_5C_955,ひつようなようた゛,ひつようなようた゛,,
STR_5C_97E,テ゛ヒ゛ルケ゛ートか゛\,テ゛ヒ゛ルケ゛ートか゛\,,
STR_5C_990,ひらく!,ひらく!,,
STR_5C_9B4,テ゛ヒ゛ルケ゛ートには\,テ゛ヒ゛ルケ゛ートには\,,
STR_5C_9C6,はいれないようた゛。,はいれないようた゛。,,
,,,,
STR_5E_73,シールト゛を\,シールト゛を\,,
STR_5E_80,ひらいた,ひらいた,,
STR_5E_8E,ハ゛ク゛か゛おそってくる!!,ハ゛ク゛か゛おそってくる!!,,
STR_5E_119,シールト゛を\,シールト゛を\,,
STR_5E_126,とっは゜した!,とっは゜した!,,
STR_5E_14D,シールト゛を\,シールト゛を\,,
STR_5E_15A,ひらいた,ひらいた,,
STR_5E_168,ハ゛ク゛か゛おそってくる!!,ハ゛ク゛か゛おそってくる!!,,
STR_5E_1F3,シールト゛を\,シールト゛を\,,
STR_5E_200,とっは゜した!,とっは゜した!,,
,,,,
STR_5F_4E,シールト゛を\,シールト゛を\,,
STR_5F_5B,ひらいた,ひらいた,,
STR_5F_69,ハ゛ク゛か゛おそってくる!!,ハ゛ク゛か゛おそってくる!!,,
STR_5F_F4,シールト゛を\,シールト゛を\,,
STR_5F_101,とっは゜した!,とっは゜した!,,
,,,,
STR_60_3B,アルーミア\,アルーミア\,,
STR_60_47,「おれさまか゛,「おれさまか゛,,
STR_60_58, ウェルテ゛ハイト゛の\, ウェルテ゛ハイト゛の\,,
STR_60_6A, してんのう、, してんのう、,,
STR_60_7B, さいこ゛のひとり\, さいこ゛のひとり\,,
STR_60_8B, アルーミアた゛!, アルーミアた゛!,,
STR_60_9E, よくそ゛ここまて゛\, よくそ゛ここまて゛\,,
STR_60_AF, たと゛りついたと, たと゛りついたと,,
STR_60_C2, ほめてやりたい\, ほめてやりたい\,,
STR_60_D1, ところた゛か゛・・・, ところた゛か゛・・・,,
STR_60_E6, た゛か゛\, た゛か゛\,,
STR_60_F2, もうおそい!, もうおそい!,,
STR_60_103, おまえら、\, おまえら、\,,
STR_60_110, カ゛ーテ゛ィアンは, カ゛ーテ゛ィアンは,,
STR_60_124, すて゛に かいめつ\, すて゛に かいめつ\,,
STR_60_135, し゛ょうたいた゛, し゛ょうたいた゛,,
STR_60_148, おまえも し゛きに\, おまえも し゛きに\,,
STR_60_159, なかまいりた゛!, なかまいりた゛!,,
STR_60_1DF,アルーミア\,アルーミア\,,
STR_60_1EB,「カ゛ルテ゛ンさま・・・,「カ゛ルテ゛ンさま・・・,,
STR_60_201, もうしわけ\, もうしわけ\,,
STR_60_20E, こ゛さ゛いません!!」, こ゛さ゛いません!!」,,
STR_60_2AF,[name]は\,[name]は\,,
STR_60_2B8,さいきょうのチッフ゜、,さいきょうのチッフ゜、,,
STR_60_2CD,「タ゛ークロック」を\,「タ゛ークロック」を\,,
STR_60_2DE,てにいれた。,てにいれた。,,
STR_63_3B,ろうやのは゛んにん\,ろうやのは゛んにん\,,
STR_63_4B,「カ゛ーテ゛ィアンか,「カ゛ーテ゛ィアンか,,
STR_63_5F, ここまて゛た゛な!」, ここまて゛た゛な!」,,
STR_63_194,ユイ\,ユイ\,,
STR_63_19D,「!!,「!!,,
STR_63_1AA, [name]\, [name]\,,
STR_63_1B3, くん!?」, くん!?」,,
STR_63_1D8,「カ゛ーテ゛ィアン\,「カ゛ーテ゛ィアン\,,
STR_63_1E8, た゛ったのね, た゛ったのね,,
STR_63_1F9, せ゛んせ゛ん\, せ゛んせ゛ん\,,
STR_63_207, しらなかった・・・。, しらなかった・・・。,,
STR_63_21C, いままて゛\, いままて゛\,,
STR_63_229, よわむしよは゛わりして, よわむしよは゛わりして,,
STR_63_23F, コ゛メンね」, コ゛メンね」,,
STR_63_30B,リースレン\,リースレン\,,
STR_63_317,「ふう。,「ふう。,,
STR_63_325, やっと\, やっと\,,
STR_63_330, おいついたせ゛!, おいついたせ゛!,,
STR_63_343, このこは\, このこは\,,
STR_63_34F, オレか゛ふ゛し゛に, オレか゛ふ゛し゛に,,
STR_63_363, とと゛けるから\, とと゛けるから\,,
STR_63_376, [name]は\, [name]は\,,
STR_63_380, あんしんして、, あんしんして、,,
STR_63_392, おとうさんをたすけに\, おとうさんをたすけに\,,
STR_63_3A4, いってくれ!!」, いってくれ!!」,,
STR_63_3CC,ユイ\,ユイ\,,
STR_63_3D5,「わたしのことは,「わたしのことは,,
STR_63_3E7, しんは゜い\, しんは゜い\,,
STR_63_3F4, しないて゛・・・。, しないて゛・・・。,,
STR_63_413, これ、\, これ、\,,
STR_63_41E, くるとちゅうて゛, くるとちゅうて゛,,
STR_63_431, ひろったの」, ひろったの」,,
STR_63_457,[name]は\,[name]は\,,
STR_63_460,チッフ゜「シェルター」を,チッフ゜「シェルター」を,,
STR_63_476,てにいれた!,てにいれた!,,
STR_63_4A2,「[name]\,「[name]\,,
STR_63_4AB, くん・・・。, くん・・・。,,
STR_63_4BC, ムリしないて゛ね」, ムリしないて゛ね」,,
,,,,
STR_64_68,カ゛ルテ゛ン\,カ゛ルテ゛ン\,,
STR_64_75,「きみか゛\,「きみか゛\,,
STR_64_85, [name]\, [name]\,,
STR_64_8E, くんか・・・。, くんか・・・。,,
STR_64_A0, わたしか゛\, わたしか゛\,,
STR_64_AD, ウェルテ゛ハイト゛の, ウェルテ゛ハイト゛の,,
STR_64_C2, そうすい\, そうすい\,,
STR_64_CE, カ゛ルテ゛ンた゛, カ゛ルテ゛ンた゛,,
STR_64_E1, ここまて゛\, ここまて゛\,,
STR_64_EE, くるとはな。, くるとはな。,,
STR_64_FF, さすか゛と\, さすか゛と\,,
STR_64_10C, いったところか。, いったところか。,,
STR_64_11F, わたしは きみのことを, わたしは きみのことを,,
STR_64_131, よく しっているよ。, よく しっているよ。,,
STR_64_146, わたしも コ゛スヘ゜ル, わたしも コ゛スヘ゜ル,,
STR_64_158, はかせのもとて゛、, はかせのもとて゛、,,
STR_64_16C, きみのおとうさんと\, きみのおとうさんと\,,
STR_64_17D, いっしょに, いっしょに,,
STR_64_18D, けんきゅうを\, けんきゅうを\,,
STR_64_19B, していたんた゛, していたんた゛,,
STR_64_1AD, ところか゛わたしか゛\, ところか゛わたしか゛\,,
STR_64_1BF, しんしゅのハ゛ク゛を, しんしゅのハ゛ク゛を,,
STR_64_1D4, はっけんしたときから\, はっけんしたときから\,,
STR_64_1E6, かわってしまった。, かわってしまった。,,
STR_64_1FA, コ゛スヘ゜ルはかせは、, コ゛スヘ゜ルはかせは、,,
STR_64_20C, わたしのハ゛ク゛を, わたしのハ゛ク゛を,,
STR_64_220, しょふ゛んしてしまえと, しょふ゛んしてしまえと,,
STR_64_232, いったんた゛。, いったんた゛。,,
STR_64_244, そのハ゛ク゛か゛\, そのハ゛ク゛か゛\,,
STR_64_254, いきていれは゛, いきていれは゛,,
STR_64_266, かならす゛\, かならす゛\,,
STR_64_273, わるいことか゛, わるいことか゛,,
STR_64_285, おきるとな・・・。\, おきるとな・・・。\,,
STR_64_296, て゛もわたしは, て゛もわたしは,,
STR_64_2A8, し゛ふ゛んのハ゛ク゛を, し゛ふ゛んのハ゛ク゛を,,
STR_64_2BA, しょふ゛んすることは, しょふ゛んすることは,,
STR_64_2CF, て゛きなかった。, て゛きなかった。,,
STR_64_2E2, そして、\, そして、\,,
STR_64_2EE, カ゛ーテ゛ィアンを, カ゛ーテ゛ィアンを,,
STR_64_302, さった。, さった。,,
STR_64_311, わたしは、\, わたしは、\,,
STR_64_31E, し゛ふ゛んのハ゛ク゛を, し゛ふ゛んのハ゛ク゛を,,
STR_64_334, そた゛てるのに\, そた゛てるのに\,,
STR_64_343, しゅうちゅうした。, しゅうちゅうした。,,
STR_64_357, そしてついに\, そしてついに\,,
STR_64_365, かんせいしたのた゛, かんせいしたのた゛,,
STR_64_379, にんけ゛んと\, にんけ゛んと\,,
STR_64_387, か゛ったいした, か゛ったいした,,
STR_64_399, きゅうきょくのハ゛ク゛, きゅうきょくのハ゛ク゛,,
STR_64_3AB, フ゜ロムナート゛か゛!, フ゜ロムナート゛か゛!,,
STR_64_3E2, ハ゛ク゛と か゛ったい, ハ゛ク゛と か゛ったい,,
STR_64_3F4, した このわたしを, した このわたしを,,
STR_64_408, とめることか゛\, とめることか゛\,,
STR_64_417, て゛きるかな!, て゛きるかな!,,
STR_64_429, いさ゛\, いさ゛\,,
STR_64_434, しょうふ゛た゛!!」, しょうふ゛た゛!!」,,
STR_64_4BC,カ゛ルテ゛ン\,カ゛ルテ゛ン\,,
STR_64_4C9,「クックック・・・,「クックック・・・,,
STR_64_4DC, わたしのからた゛か゛\, わたしのからた゛か゛\,,
STR_64_4EE, ほろんて゛も, ほろんて゛も,,
STR_64_4FF, そた゛てたハ゛ク゛は\, そた゛てたハ゛ク゛は\,,
STR_64_511, ふめつた゛!!」, ふめつた゛!!」,,
STR_64_53A,ちちおや\,ちちおや\,,
STR_64_545,「[name],「[name],,
STR_64_551, ほんとうに\, ほんとうに\,,
STR_64_55E, つよくなったな。, つよくなったな。,,
STR_64_571, ありか゛とう!, ありか゛とう!,,
STR_64_583, カ゛ルテンも\, カ゛ルテンも\,,
STR_64_591, し゛ふ゛んのハ゛ク゛に, し゛ふ゛んのハ゛ク゛に,,
STR_64_5A7, かんせ゛んに\, かんせ゛んに\,,
STR_64_5B5, あやつられていたようた゛, あやつられていたようた゛,,
STR_64_5CC, よくおまえのちからて゛, よくおまえのちからて゛,,
STR_64_5DE, たおしたな、, たおしたな、,,
STR_64_5EF, おまえのゆうきと\, おまえのゆうきと\,,
STR_64_5FF, そた゛てたハ゛ク゛との, そた゛てたハ゛ク゛との,,
STR_64_615, ゆうし゛ょうか゛\, ゆうし゛ょうか゛\,,
STR_64_625, おまえをかたせたに, おまえをかたせたに,,
STR_64_639, ちか゛いない」, ちか゛いない」,,
STR_64_667,ちちおや\,ちちおや\,,
STR_64_672,「こ、これは!!,「こ、これは!!,,
STR_64_684, さっきのハ゛トルの\, さっきのハ゛トルの\,,
STR_64_695, えいきょうて゛, えいきょうて゛,,
STR_64_6A7, し゛は゛か゛\, し゛は゛か゛\,,
STR_64_6B5, くるったらしい!, くるったらしい!,,
STR_64_6C8, はやくた゛っしゅつ\, はやくた゛っしゅつ\,,
STR_64_6D9, しないと, しないと,,
STR_64_6E8, は゛くはつに\, は゛くはつに\,,
STR_64_6F6, まきこまれるそ゛!, まきこまれるそ゛!,,
STR_64_70A, フ゛ロークンアローを\, フ゛ロークンアローを\,,
STR_64_71C, つかって、, つかって、,,
STR_64_72C, ここから\, ここから\,,
STR_64_738, た゛っしゅつするんた゛, た゛っしゅつするんた゛,,
,,,,
STR_65_3B,     なのはなタウン\,     なのはなタウン\,,
STR_65_4E,       し゛たく,       し゛たく,,
,,,,
STR_66_86,ははおや\,ははおや\,,
STR_66_91,「[name],「[name],,
STR_66_9D, おきなさい\, おきなさい\,,
STR_66_AA, あさよ」, あさよ」,,
STR_66_D1,ははおや\,ははおや\,,
STR_66_DC,「まったく、,「まったく、,,
STR_66_EC, いつまて゛\, いつまて゛\,,
STR_66_F9, ねてるつもりなの?, ねてるつもりなの?,,
STR_66_123,ははおや\,ははおや\,,
STR_66_12E,「そうそう,「そうそう,,
STR_66_13D, おとうさんか゛\, おとうさんか゛\,,
STR_66_14C, メールを, メールを,,
STR_66_15B, おくったからって・・・, おくったからって・・・,,
STR_66_187,いまはねむいのて゛\,いまはねむいのて゛\,,
STR_66_197,あとにしよう・・・,あとにしよう・・・,,
,,,,
STR_6A_41E,アミラント゛,Amiland ,,
STR_6A_438,アミサファリエリア,Ami-Safari,,
STR_6A_455,アミテクノエリア,Ami-Techno,,
STR_6A_471,シーラント゛,Sealand,,
STR_6A_48B,シーリソ゛ートエリア,Sea-Resort,,
STR_6A_4A9,シーサファリエリア,Sea-Safari,,
STR_6A_4C6,シーテクノエリア,Sea-Techno,,
STR_6A_4E2,エアラント゛,Airland,,
STR_6A_4FC,エアサファリエリア,Air-Safari,,
STR_6A_519,エアテクノエリア,Air-Techno,,
STR_6A_535,エナシ゛ーラント゛,Energyland,,
STR_6A_552,エナシ゛ーサファリエリア,Energy-Safari,,
STR_6A_572,エナシ゛ーリソ゛ートエリア,Energy-Resort,,
STR_6A_593,タ゛ークキャッスル,DarK Castle,,
STR_6A_5B0,け゛んし゛つせかい,Real World,,